symbols,name,sector,cik,accession,form,filed,period,status,equity,strict_debt,reported_debt,strict_debt_to_equity,reported_debt_to_equity,strict_formula,reported_formula,finance_lease_fact_present
A,Agilent Technologies,Health Care,0001090872,0001090872-26-000023,10-Q,20260303,20260131,reported_debt_only_finance_lease_unverified,6908000000.0,,3354000000.0,,0.4855240301100174,,short_term_debt+all_long_term_debt,False
AAPL,Apple Inc.,Information Technology,0000320193,0000320193-26-000006,10-Q,20260130,20251231,reported_debt_only_finance_lease_unverified,88190000000.0,,88512000000.0,,1.0036512076199116,,current_long_term+noncurrent_debt,False
ABBV,AbbVie,Health Care,0001551152,0001551152-26-000008,10-K,20260220,20251231,nonpositive_equity,-3270000000.0,67496000000.0,67496000000.0,,,short_term_debt+current_long_term+combined_noncurrent_debt_and_finance_lease,short_term_debt+current_long_term+combined_noncurrent_debt_and_finance_lease,True
ABNB,Airbnb,Consumer Discretionary,0001559720,0001559720-26-000004,10-K,20260212,20251231,reported_debt_only_finance_lease_unverified,8199000000.0,,1999000000.0,,0.2438102207586291,,current_long_term+noncurrent_debt,False
ABT,Abbott Laboratories,Health Care,0000001800,0001628280-26-010185,10-K,20260220,20251231,reported_debt_only_finance_lease_unverified,52130000000.0,,12929000000.0,,0.24801457893727222,,current_long_term+noncurrent_debt,False
ACN,Accenture,Information Technology,0001467373,0001467373-26-000014,10-Q,20260319,20260228,strict_complete,31210676000.0,5144385000.0,5144385000.0,0.16482773394591005,0.16482773394591005,current_debt+combined_noncurrent_debt_and_finance_lease,current_debt+combined_noncurrent_debt_and_finance_lease,False
ADBE,Adobe Inc.,Information Technology,0000796343,0000796343-26-000056,10-Q,20260325,20260228,reported_debt_only_finance_lease_unverified,11433000000.0,,5379000000.0,,0.4704801889267909,,LongTermDebt,False
ADI,Analog Devices,Information Technology,0000006281,0000006281-26-000016,10-Q,20260218,20260131,reported_debt_only_finance_lease_unverified,33787259000.0,,8139179000.0,,0.24089491840696517,,current_long_term+noncurrent_debt,False
ADM,Archer Daniels Midland,Consumer Staples,0000007084,0000007084-26-000011,10-K,20260217,20251231,reported_debt_only_finance_lease_unverified,22740000000.0,,8410000000.0,,0.3698328935795954,,short_term_debt+current_long_term+noncurrent_debt,False
ADP,Automatic Data Processing,Industrials,0000008670,0000008670-26-000011,10-Q,20260129,20251231,reported_debt_only_finance_lease_unverified,6393000000.0,,3976400000.0,,0.6219928046300641,,LongTermDebtNoncurrent,False
ADSK,Autodesk,Information Technology,0000769397,0000769397-26-000015,10-K,20260303,20260131,reported_debt_only_finance_lease_unverified,3045000000.0,,2483000000.0,,0.8154351395730706,,LongTermNotesPayable,False
AKAM,Akamai Technologies,Information Technology,0001086222,0001086222-26-000022,10-K,20260220,20251231,reported_debt_only_finance_lease_unverified,4977371000.0,,4105355000.0,,0.8248038974792115,,ConvertibleLongTermNotesPayable,False
ALB,Albemarle Corporation,Materials,0000915913,0000915913-26-000018,10-K,20260211,20251231,reported_debt_only_finance_lease_unverified,9533365000.0,,3300337000.0,,0.3461880458788686,,current_long_term+noncurrent_debt+reported_finance_lease,True
ALGN,Align Technology,Health Care,0001097149,0001097149-26-000014,10-K,20260227,20251231,missing_debt,4049147000.0,,,,,,,False
ALLE,Allegion,Industrials,0001579241,0001579241-26-000007,10-K,20260217,20251231,reported_debt_only_finance_lease_unverified,2067600000.0,,1980100000.0,,0.9576804023989166,,current_debt+noncurrent_debt,False
AMAT,Applied Materials,Information Technology,0000006951,0001628280-26-009694,10-Q,20260219,20260131,reported_debt_only_finance_lease_unverified,21717000000.0,,6453000000.0,,0.29714048901782014,,LongTermDebtNoncurrent,False
AMCR,Amcor,Materials,0001748790,0001748790-26-000006,10-Q,20260204,20251231,missing_debt,11636000000.0,,,,,,,False
AMD,Advanced Micro Devices,Information Technology,0000002488,0000002488-26-000018,10-K,20260204,20251231,reported_debt_only_finance_lease_unverified,62999000000.0,,2348000000.0,,0.037270432864013714,,LongTermDebtNoncurrent,False
AME,Ametek,Industrials,0001037868,0001037868-26-000016,10-K,20260217,20251231,reported_debt_only_finance_lease_unverified,10628786000.0,,2283309000.0,,0.21482312279125762,,current_debt+noncurrent_debt,False
AMGN,Amgen,Health Care,0000318154,0000318154-26-000010,10-K,20260213,20251231,reported_debt_only_finance_lease_unverified,8658000000.0,,54604000000.0,,6.306768306768307,,current_long_term+noncurrent_debt,False
AMZN,Amazon,Consumer Discretionary,0001018724,0001018724-26-000004,10-K,20260206,20251231,reported_debt_only_finance_lease_unverified,411065000000.0,,77934000000.0,,0.18959045406444236,,LongTermDebtNoncurrent+reported_finance_lease,True
ANET,Arista Networks,Information Technology,0001596532,0001596532-26-000013,10-K,20260217,20251231,missing_debt,12370500000.0,,,,,,,False
AOS,A. O. Smith,Industrials,0000091142,0000091142-26-000008,10-K,20260210,20251231,reported_debt_only_finance_lease_unverified,1858000000.0,,155000000.0,,0.08342303552206674,,current_long_term+noncurrent_debt,False
APA,APA Corporation,Energy,0001841666,0001841666-26-000015,10-K,20260226,20251231,strict_complete,6093000000.0,4493000000.0,4493000000.0,0.7374035778762514,0.7374035778762514,current_debt+combined_noncurrent_debt_and_finance_lease,current_debt+combined_noncurrent_debt_and_finance_lease,True
APD,Air Products,Materials,0000002969,0000002969-26-000008,10-Q,20260130,20251231,strict_complete,15411300000.0,17531800000.0,17531800000.0,1.1375938434784865,1.1375938434784865,short_term_debt+current_long_term+combined_noncurrent_debt_and_finance_lease,short_term_debt+current_long_term+combined_noncurrent_debt_and_finance_lease,False
APH,Amphenol,Information Technology,0000820313,0001104659-26-013549,10-K,20260211,20251231,missing_debt,13413100000.0,,,,,,,False
APP,AppLovin,Information Technology,0001751008,0001751008-26-000010,10-K,20260219,20251231,reported_debt_only_finance_lease_unverified,2134671000.0,,3635640000.0,,1.7031383290446163,,LongTermDebtNoncurrent+reported_finance_lease,True
APTV,Aptiv,Consumer Discretionary,0001521332,0001521332-26-000009,10-K,20260206,20251231,reported_debt_only_finance_lease_unverified,9207000000.0,,7478000000.0,,0.8122081025306832,,LongTermDebtNoncurrent+reported_finance_lease,True
AVGO,Broadcom,Information Technology,0001730168,0001730168-26-000016,10-Q,20260311,20260131,missing_equity,,,,,,,,False
AVY,Avery Dennison,Materials,0000008818,0000008818-26-000015,10-K,20260225,20251231,strict_complete,2242100000.0,3732900000.0,3732900000.0,1.6649123589491994,1.6649123589491994,current_debt+combined_noncurrent_debt_and_finance_lease,current_debt+combined_noncurrent_debt_and_finance_lease,True
AXON,Axon Enterprise,Industrials,0001069183,0001628280-26-011360,10-K,20260225,20251231,reported_debt_only_finance_lease_unverified,3242658000.0,,1730170000.0,,0.5335653652034843,,LongTermNotesPayable,False
AZO,AutoZone,Consumer Discretionary,0000866787,0001104659-26-032757,10-Q,20260320,20260131,nonpositive_equity,-2908770000.0,,8907052000.0,,,,LongTermDebtNoncurrent,False
BA,Boeing,Industrials,0000012927,0001628280-26-004357,10-K,20260130,20251231,strict_complete,5454000000.0,54098000000.0,54098000000.0,9.918958562522919,9.918958562522919,current_debt+combined_noncurrent_debt_and_finance_lease,current_debt+combined_noncurrent_debt_and_finance_lease,True
BALL,Ball Corporation,Materials,0000009389,0001104659-26-017410,10-K,20260219,20251231,strict_complete,5421000000.0,7012000000.0,7012000000.0,1.2934882862940418,1.2934882862940418,current_debt+combined_noncurrent_debt_and_finance_lease,current_debt+combined_noncurrent_debt_and_finance_lease,True
BAX,Baxter International,Health Care,0000010456,0001628280-26-007733,10-K,20260212,20251231,strict_complete,6129000000.0,9476000000.0,9476000000.0,1.5460923478544624,1.5460923478544624,short_term_debt+current_long_term+combined_noncurrent_debt_and_finance_lease,short_term_debt+current_long_term+combined_noncurrent_debt_and_finance_lease,True
BBY,Best Buy,Consumer Discretionary,0000764478,0000764478-26-000009,10-K,20260318,20260131,reported_debt_only_finance_lease_unverified,2964000000.0,,32000000,,0.010796221322537112,,reported_finance_lease_only,True
BDX,Becton Dickinson,Health Care,0000010795,0000010795-26-000005,10-Q,20260209,20251231,reported_debt_only_finance_lease_unverified,25282000000.0,,19539000000.0,,0.7728423384225932,,current_debt+noncurrent_debt,False
BF.B,Brown–Forman,Consumer Staples,0000014693,0000014693-26-000010,10-Q,20260304,20260131,reported_debt_only_finance_lease_unverified,4082000000.0,,2745000000.0,,0.6724644781969623,,short_term_debt+current_long_term+noncurrent_debt,False
BG,Bunge Global,Consumer Staples,0001996862,0001628280-26-009842,10-K,20260219,20251231,strict_complete,15904000000.0,14231000000.0,14231000000.0,0.894806338028169,0.894806338028169,short_term_debt+current_long_term+noncurrent_debt+reported_finance_lease,short_term_debt+current_long_term+noncurrent_debt+reported_finance_lease,True
BIIB,Biogen,Health Care,0000875045,0000875045-26-000013,10-K,20260206,20251231,reported_debt_only_finance_lease_unverified,18256800000.0,,6286800000.0,,0.3443538845799921,,current_debt+noncurrent_debt,False
BKNG,Booking Holdings,Consumer Discretionary,0001075531,0001075531-26-000009,10-K,20260218,20251231,nonpositive_equity,-5578000000.0,,18742000000.0,,,,current_long_term+noncurrent_debt+reported_finance_lease,True
BKR,Baker Hughes,Energy,0001701605,0001701605-26-000007,10-K,20260205,20251231,strict_complete,18834000000.0,6087000000.0,6087000000.0,0.3231920993947117,0.3231920993947117,current_debt+combined_noncurrent_debt_and_finance_lease,current_debt+combined_noncurrent_debt_and_finance_lease,False
BLDR,Builders FirstSource,Industrials,0001316835,0001193125-26-054643,10-K,20260217,20251231,reported_debt_only_finance_lease_unverified,4352251000.0,,1155000,,0.0002653799148992096,,reported_finance_lease_only,True
BMY,Bristol Myers Squibb,Health Care,0000014272,0000014272-26-000004,10-K,20260211,20251231,reported_debt_only_finance_lease_unverified,18473000000.0,,45111000000.0,,2.4419964272181023,,current_debt+noncurrent_debt,False
BR,Broadridge Financial Solutions,Industrials,0001383312,0001628280-26-004859,10-Q,20260203,20251231,reported_debt_only_finance_lease_unverified,2879200000.0,,3173100000.0,,1.1020769658238398,,current_long_term+noncurrent_debt,False
BSX,Boston Scientific,Health Care,0000885725,0000885725-26-000010,10-K,20260217,20251231,strict_complete,24233000000.0,11436000000.0,11436000000.0,0.47191845830066437,0.47191845830066437,current_debt+combined_noncurrent_debt_and_finance_lease,current_debt+combined_noncurrent_debt_and_finance_lease,True
CAH,Cardinal Health,Health Care,0000721371,0000721371-26-000006,10-Q,20260205,20251231,nonpositive_equity,-2884000000.0,,,,,,,False
CARR,Carrier Global,Industrials,0001783180,0001783180-26-000008,10-K,20260205,20251231,reported_debt_only_finance_lease_unverified,14128000000.0,,11833000000.0,,0.8375566251415628,,current_debt+noncurrent_debt,False
CASY,Casey's,Consumer Staples,0000726958,0000726958-26-000010,10-Q,20260309,20260131,reported_debt_only_finance_lease_unverified,3853485000.0,,2539694000.0,,0.6590641977327018,,current_long_term+noncurrent_debt+reported_finance_lease,True
CAT,Caterpillar Inc.,Industrials,0000018230,0000018230-26-000008,10-K,20260213,20251231,strict_complete,21318000000.0,43330000000.0,43330000000.0,2.03255464865372,2.03255464865372,short_term_debt+current_long_term+combined_noncurrent_debt_and_finance_lease,short_term_debt+current_long_term+combined_noncurrent_debt_and_finance_lease,False
CCL,Carnival Corporation,Consumer Discretionary,0000815097,0000815097-26-000037,10-Q,20260327,20260228,reported_debt_only_finance_lease_unverified,13031000000.0,,25290000000.0,,1.9407566572020567,,current_long_term+noncurrent_debt,False
CDNS,Cadence Design Systems,Information Technology,0000813672,0000813672-26-000016,10-K,20260219,20251231,reported_debt_only_finance_lease_unverified,5474181000.0,,2480150000.0,,0.45306320708065734,,UnsecuredLongTermDebt,False
CDW,CDW Corporation,Information Technology,0001402057,0001402057-26-000011,10-K,20260220,20251231,reported_debt_only_finance_lease_unverified,2606100000.0,,5629800000.0,,2.16023943824105,,current_long_term+noncurrent_debt,False
CF,CF Industries,Materials,0001324404,0001324404-26-000007,10-K,20260225,20251231,reported_debt_only_finance_lease_unverified,4838000000.0,,3215000000.0,,0.6645307978503514,,LongTermDebtNoncurrent,False
CHD,Church & Dwight,Consumer Staples,0000313927,0001193125-26-048139,10-K,20260212,20251231,reported_debt_only_finance_lease_unverified,4002200000.0,,2205100000.0,,0.5509719654190195,,LongTermDebtNoncurrent,False
CHRW,C.H. Robinson,Industrials,0001043277,0001043277-26-000009,10-K,20260213,20251231,reported_debt_only_finance_lease_unverified,1845647000.0,,1089438000.0,,0.5902743048914554,,current_long_term+noncurrent_debt,False
CHTR,Charter Communications,Communication Services,0001091667,0001091667-26-000017,10-K,20260130,20251231,reported_debt_only_finance_lease_unverified,16054000000.0,,94756000000.0,,5.902329637473527,,current_long_term+noncurrent_debt,False
CI,Cigna,Health Care,0001739940,0001739940-26-000006,10-K,20260226,20251231,strict_complete,41713000000.0,31463000000.0,31463000000.0,0.7542732481480594,0.7542732481480594,current_debt+combined_noncurrent_debt_and_finance_lease,current_debt+combined_noncurrent_debt_and_finance_lease,True
CIEN,Ciena,Information Technology,0000936395,0001628280-26-015152,10-Q,20260305,20260131,reported_debt_only_finance_lease_unverified,2792358000.0,,1536324000.0,,0.5501887651941477,,current_long_term+noncurrent_debt,False
CL,Colgate-Palmolive,Consumer Staples,0000021665,0000021665-26-000006,10-K,20260223,20251231,reported_debt_only_finance_lease_unverified,54000000.0,,6871000000.0,,127.24074074074075,,LongTermDebtNoncurrent,False
CLX,Clorox,Consumer Staples,0000021076,0000021076-26-000010,10-Q,20260203,20251231,nonpositive_equity,-125000000.0,,2486000000.0,,,,LongTermDebtNoncurrent,False
CMCSA,Comcast,Communication Services,0001166691,0001628280-26-004994,10-K,20260203,20251231,strict_complete,96903000000.0,98937000000.0,98937000000.0,1.0209900622271757,1.0209900622271757,current_debt+combined_noncurrent_debt_and_finance_lease,current_debt+combined_noncurrent_debt_and_finance_lease,False
CMG,Chipotle Mexican Grill,Consumer Discretionary,0001058090,0001058090-26-000009,10-K,20260204,20251231,missing_debt,2830607000.0,,,,,,,False
CMI,Cummins,Industrials,0000026172,0000026172-26-000009,10-K,20260210,20251231,reported_debt_only_finance_lease_unverified,12349000000.0,,136000000,,0.011013037492914405,,reported_finance_lease_only,True
CNC,Centene Corporation,Health Care,0001071739,0001071739-26-000049,10-K,20260217,20251231,reported_debt_only_finance_lease_unverified,19953000000.0,,17401000000.0,,0.8720994336691225,,current_long_term+noncurrent_debt,False
COHR,Coherent Corp.,Information Technology,0000820318,0000820318-26-000006,10-Q,20260204,20251231,reported_debt_only_finance_lease_unverified,8539296000.0,,3351866000.0,,0.3925225217629182,,current_long_term+noncurrent_debt,False
COO,Cooper Companies (The),Health Care,0000711404,0001628280-26-015620,10-Q,20260306,20260131,strict_complete,8363800000.0,2499700000.0,2499700000.0,0.29887132643056985,0.29887132643056985,current_debt+combined_noncurrent_debt_and_finance_lease,current_debt+combined_noncurrent_debt_and_finance_lease,True
COP,ConocoPhillips,Energy,0001163165,0001163165-26-000009,10-K,20260217,20251231,strict_complete,64487000000.0,23444000000.0,23444000000.0,0.36354614108269884,0.36354614108269884,current_debt+combined_noncurrent_debt_and_finance_lease,current_debt+combined_noncurrent_debt_and_finance_lease,True
COR,Cencora,Health Care,0001140859,0001140859-26-000006,10-Q,20260204,20251231,reported_debt_only_finance_lease_unverified,1908328000.0,,7921735000.0,,4.151139112353851,,current_debt+noncurrent_debt,False
COST,Costco,Consumer Staples,0000909832,0000909832-26-000029,10-Q,20260311,20260131,reported_debt_only_finance_lease_unverified,32087000000.0,,5688000000.0,,0.1772680524823137,,LongTermDebtNoncurrent,False
CPRT,Copart,Industrials,0000900075,0001193125-26-088593,10-Q,20260303,20260131,missing_debt,9789045000.0,,,,,,,False
CRH,CRH plc,Materials,0000849395,0001628280-26-009043,10-K,20260218,20251231,strict_complete,24004000000.0,18071000000.0,18071000000.0,0.7528328611898017,0.7528328611898017,current_debt+noncurrent_debt+reported_noncurrent_finance_lease,current_debt+noncurrent_debt+reported_noncurrent_finance_lease,True
CRL,Charles River Laboratories,Health Care,0001100682,0001100682-26-000022,10-K,20260218,20251231,reported_debt_only_finance_lease_unverified,3164630000.0,,27876000,,0.008808612697218948,,reported_finance_lease_only,True
CRM,Salesforce,Information Technology,0001108524,0001108524-26-000060,10-K,20260302,20260131,reported_debt_only_finance_lease_unverified,59142000000.0,,10974000000.0,,0.18555341381759155,,LongTermDebtNoncurrent+reported_finance_lease,True
CRWD,CrowdStrike,Information Technology,0001535527,0001535527-26-000010,10-K,20260305,20260131,reported_debt_only_finance_lease_unverified,4428390000.0,,745471000.0,,0.16833905776139862,,LongTermDebtNoncurrent,False
CSCO,Cisco,Information Technology,0000858877,0000858877-26-000021,10-Q,20260217,20260131,reported_debt_only_finance_lease_unverified,47723000000.0,,30086000000.0,,0.6304297718081429,,current_debt+noncurrent_debt,False
CSX,CSX Corporation,Industrials,0000277948,0000277948-26-000006,10-K,20260212,20251231,reported_debt_only_finance_lease_unverified,13160000000.0,,15000000,,0.0011398176291793312,,reported_finance_lease_only,True
CTAS,Cintas,Industrials,0000723254,0000723254-26-000002,10-Q,20260107,20251130,reported_debt_only_finance_lease_unverified,4455347000.0,,2977279000.0,,0.668248511283184,,current_long_term+noncurrent_debt,False
CTSH,Cognizant,Information Technology,0001058290,0001058290-26-000008,10-K,20260212,20251231,reported_debt_only_finance_lease_unverified,15015000000.0,,565000000.0,,0.03762903762903763,,LongTermDebtNoncurrent+reported_finance_lease,True
CTVA,Corteva,Materials,0001755672,0001755672-26-000004,10-K,20260212,20251231,strict_complete,24144000000.0,2580000000.0,2580000000.0,0.10685884691848907,0.10685884691848907,current_debt+combined_noncurrent_debt_and_finance_lease,current_debt+combined_noncurrent_debt_and_finance_lease,True
CVNA,Carvana,Consumer Discretionary,0001690820,0001690820-26-000009,10-K,20260218,20251231,reported_debt_only_finance_lease_unverified,3441000000.0,,4987000000.0,,1.4492879976750945,,LongTermDebtNoncurrent+reported_finance_lease,True
CVS,CVS Health,Health Care,0000064803,0000064803-26-000010,10-K,20260210,20251231,strict_complete,75214000000.0,64570000000.0,64570000000.0,0.8584837929108943,0.8584837929108943,short_term_debt+current_long_term+combined_noncurrent_debt_and_finance_lease,short_term_debt+current_long_term+combined_noncurrent_debt_and_finance_lease,True
CVX,Chevron Corporation,Energy,0000093410,0000093410-26-000078,10-K,20260224,20251231,strict_complete,186450000000.0,40758000000.0,40758000000.0,0.21860016090104586,0.21860016090104586,short_term_debt+all_long_term_debt_and_finance_lease,short_term_debt+all_long_term_debt_and_finance_lease,True
DAL,Delta Air Lines,Industrials,0000027904,0000027904-26-000013,10-K,20260211,20251231,reported_debt_only_finance_lease_unverified,20853000000.0,,805000000,,0.03860355824102048,,reported_finance_lease_only,True
DASH,DoorDash,Consumer Discretionary,0001792789,0001792789-26-000013,10-K,20260218,20251231,reported_debt_only_finance_lease_unverified,10033000000.0,,2724000000.0,,0.27150403667895945,,ConvertibleLongTermNotesPayable,False
DD,DuPont,Materials,0001666700,0001666700-26-000013,10-K,20260217,20251231,strict_complete,13919000000.0,3194000000.0,3194000000.0,0.2294705079387887,0.2294705079387887,current_debt+combined_noncurrent_debt_and_finance_lease,current_debt+combined_noncurrent_debt_and_finance_lease,False
DDOG,Datadog,Information Technology,0001561550,0001628280-26-008819,10-K,20260218,20251231,reported_debt_only_finance_lease_unverified,3732206000.0,,983449000.0,,0.2635034079040653,,ConvertibleLongTermNotesPayable,False
DE,Deere & Company,Industrials,0000315189,0001104659-26-020158,10-Q,20260226,20260131,strict_complete,26300000000.0,56196000000.0,56196000000.0,2.136730038022814,2.136730038022814,current_debt+combined_noncurrent_debt_and_finance_lease,current_debt+combined_noncurrent_debt_and_finance_lease,False
DECK,Deckers Brands,Consumer Discretionary,0000910521,0000910521-26-000005,10-Q,20260203,20251231,missing_debt,2609454000.0,,,,,,,False
DELL,Dell Technologies,Information Technology,0001571996,0001571996-26-000008,10-K,20260316,20260131,nonpositive_equity,-2470000000.0,,31503000000.0,,,,current_debt+noncurrent_debt,False
DG,Dollar General,Consumer Staples,0000029534,0001104659-26-032325,10-K,20260320,20260131,missing_debt,8511962000.0,,,,,,,False
DGX,Quest Diagnostics,Health Care,0001022079,0001022079-26-000015,10-K,20260226,20251231,reported_debt_only_finance_lease_unverified,7170000000.0,,21000000,,0.0029288702928870294,,reported_finance_lease_only,True
DHI,D. R. Horton,Consumer Discretionary,0000882184,0000882184-26-000014,10-Q,20260122,20251231,missing_debt,23995500000.0,,,,,,,False
DHR,Danaher Corporation,Health Care,0000313616,0000313616-26-000062,10-K,20260224,20251231,reported_debt_only_finance_lease_unverified,52534000000.0,,18418000000.0,,0.3505919975634827,,current_debt+noncurrent_debt,False
DIS,Walt Disney Company (The),Communication Services,0001744489,0001744489-26-000019,10-Q,20260202,20251231,reported_debt_only_finance_lease_unverified,108476000000.0,,46640000000.0,,0.4299568568162543,,current_long_term+noncurrent_debt,False
DLTR,Dollar Tree,Consumer Staples,0000935703,0000935703-26-000025,10-K,20260316,20260131,reported_debt_only_finance_lease_unverified,3754900000.0,,2431700000.0,,0.6476071266877946,,current_long_term+noncurrent_debt,False
DOV,Dover Corporation,Industrials,0000029905,0000029905-26-000009,10-K,20260213,20251231,reported_debt_only_finance_lease_unverified,7405206000.0,,2630944000.0,,0.35528302656266414,,LongTermDebtNoncurrent+reported_finance_lease,True
DOW,Dow Inc.,Materials,0001751788,0001751788-26-000018,10-K,20260203,20251231,reported_debt_only_finance_lease_unverified,16008000000.0,,1126000000,,0.07033983008495752,,reported_finance_lease_only,True
DPZ,Domino's,Consumer Discretionary,0001286681,0001193125-26-062321,10-K,20260223,20251231,nonpositive_equity,-3901142000.0,,62008000,,,,reported_finance_lease_only,True
DRI,Darden Restaurants,Consumer Discretionary,0000940944,0000940944-26-000009,10-Q,20260327,20260228,strict_complete,2104000000.0,4153400000.0,4153400000.0,1.9740494296577946,1.9740494296577946,short_term_debt+all_long_term_debt+reported_finance_lease,short_term_debt+all_long_term_debt+reported_finance_lease,True
DVA,DaVita,Health Care,0000927066,0000927066-26-000012,10-K,20260211,20251231,nonpositive_equity,-651082000.0,,185120000,,,,reported_finance_lease_only,True
DVN,Devon Energy,Energy,0001090012,0001193125-26-056485,10-K,20260218,20251231,reported_debt_only_finance_lease_unverified,15528000000.0,,7414000000.0,,0.4774600721277692,,LongTermDebtNoncurrent+reported_finance_lease,True
DXCM,Dexcom,Health Care,0001093557,0001093557-26-000027,10-K,20260212,20251231,reported_debt_only_finance_lease_unverified,2746000000.0,,1301400000.0,,0.47392571012381646,,ConvertibleLongTermNotesPayable+reported_finance_lease,True
EA,Electronic Arts,Communication Services,0000712515,0001628280-26-005101,10-Q,20260203,20251231,missing_debt,6152000000.0,,,,,,,False
EBAY,eBay Inc.,Consumer Discretionary,0001065088,0001065088-26-000027,10-K,20260219,20251231,strict_complete,4615000000.0,6746000000.0,6746000000.0,1.4617551462621885,1.4617551462621885,current_debt+combined_noncurrent_debt_and_finance_lease,current_debt+combined_noncurrent_debt_and_finance_lease,False
ECHO,EchoStar,Communication Services,0001415404,0001104659-26-021817,10-K,20260302,20251231,reported_debt_only_finance_lease_unverified,5765784000.0,,44048000,,0.007639550839920468,,reported_finance_lease_only,True
ECL,Ecolab,Materials,0000031462,0001104659-26-018357,10-K,20260223,20251231,strict_complete,9770800000.0,8236300000.0,8236300000.0,0.8429504237114668,0.8429504237114668,current_debt+combined_noncurrent_debt_and_finance_lease,current_debt+combined_noncurrent_debt_and_finance_lease,False
EFX,Equifax,Industrials,0000033185,0000033185-26-000010,10-K,20260219,20251231,reported_debt_only_finance_lease_unverified,4604300000.0,,5093300000.0,,1.1062050691744674,,current_debt+noncurrent_debt,False
EL,Estée Lauder Companies (The),Consumer Staples,0001001250,0001001250-26-000006,10-Q,20260205,20251231,missing_debt,4031000000.0,,,,,,,False
ELV,Elevance Health,Health Care,0001156039,0001156039-26-000013,10-K,20260206,20251231,reported_debt_only_finance_lease_unverified,43882000000.0,,32046000000.0,,0.7302766510186409,,short_term_debt+current_long_term+noncurrent_debt,False
EME,Emcor,Industrials,0000105634,0000105634-26-000025,10-K,20260226,20251231,reported_debt_only_finance_lease_unverified,3673944000.0,,6300000,,0.0017147784506241794,,reported_finance_lease_only,True
EMR,Emerson Electric,Industrials,0000032604,0000032604-26-000007,10-Q,20260203,20251231,reported_debt_only_finance_lease_unverified,20277000000.0,,13407000000.0,,0.6611924840952804,,current_debt+noncurrent_debt,False
EOG,EOG Resources,Energy,0000821189,0000821189-26-000054,10-K,20260224,20251231,reported_debt_only_finance_lease_unverified,29833000000.0,,8053000000.0,,0.2699359769382898,,current_long_term+noncurrent_debt+reported_finance_lease,True
EQT,EQT Corporation,Energy,0000033213,0000033213-26-000018,10-K,20260218,20251231,reported_debt_only_finance_lease_unverified,23752677000.0,,904174000.0,,0.03806619354946813,,current_long_term+noncurrent_debt+reported_finance_lease,True
ETN,Eaton Corporation,Industrials,0001551182,0001551182-26-000007,10-K,20260226,20251231,strict_complete,19425000000.0,9895000000.0,9895000000.0,0.5093951093951093,0.5093951093951093,short_term_debt+current_long_term+combined_noncurrent_debt_and_finance_lease,short_term_debt+current_long_term+combined_noncurrent_debt_and_finance_lease,True
EW,Edwards Lifesciences,Health Care,0001099800,0001099800-26-000009,10-K,20260225,20251231,reported_debt_only_finance_lease_unverified,10337600000.0,,598300000.0,,0.057876102770468965,,LongTermDebtNoncurrent,False
EXE,Expand Energy,Energy,0000895126,0000895126-26-000011,10-K,20260218,20251231,reported_debt_only_finance_lease_unverified,18578000000.0,,5009000000.0,,0.26961998062224135,,current_long_term+noncurrent_debt,False
EXPD,Expeditors International,Industrials,0000746515,0001193125-26-071569,10-K,20260225,20251231,missing_debt,2355633000.0,,,,,,,False
EXPE,Expedia Group,Consumer Discretionary,0001324424,0001324424-26-000008,10-K,20260213,20251231,reported_debt_only_finance_lease_unverified,1284000000.0,,6161000000.0,,4.798286604361371,,current_long_term+noncurrent_debt,False
F,Ford Motor Company,Consumer Discretionary,0000037996,0000037996-26-000015,10-K,20260211,20251231,strict_complete,35952000000.0,163336000000.0,163336000000.0,4.543168669336894,4.543168669336894,current_debt+combined_noncurrent_debt_and_finance_lease,current_debt+combined_noncurrent_debt_and_finance_lease,True
FANG,Diamondback Energy,Energy,0001539838,0001539838-26-000010,10-K,20260225,20251231,reported_debt_only_finance_lease_unverified,36972000000.0,,14489000000.0,,0.3918911608785027,,current_long_term+noncurrent_debt,False
FAST,Fastenal,Industrials,0000815556,0000815556-26-000009,10-K,20260205,20251231,reported_debt_only_finance_lease_unverified,3943600000.0,,125000000.0,,0.031696926665990464,,current_long_term+noncurrent_debt,False
FCX,Freeport-McMoRan,Materials,0000831259,0000831259-26-000012,10-K,20260213,20251231,reported_debt_only_finance_lease_unverified,18899000000.0,,9379000000.0,,0.49626964389650247,,current_long_term+noncurrent_debt,False
FDX,FedEx,Industrials,0001048911,0001048911-26-000011,10-Q,20260319,20260228,reported_debt_only_finance_lease_unverified,29804000000.0,,1178000000,,0.039524895987115824,,reported_finance_lease_only,True
FFIV,"F5, Inc.",Information Technology,0001048695,0001048695-26-000023,10-Q,20260205,20251231,missing_debt,3538264000.0,,,,,,,False
FICO,Fair Isaac,Information Technology,0000814547,0000814547-26-000011,10-Q,20260128,20251231,nonpositive_equity,-1808134000.0,,3196829000.0,,,,current_long_term+noncurrent_debt,False
FIX,Comfort Systems USA,Industrials,0001035983,0001104659-26-017530,10-K,20260219,20251231,reported_debt_only_finance_lease_unverified,2448774000.0,,145226000.0,,0.059305595371398095,,current_long_term+noncurrent_debt,False
FLEX,Flex Ltd.,Information Technology,0000866374,0000866374-26-000005,10-Q,20260206,20251231,reported_debt_only_finance_lease_unverified,5121000000.0,,4435000000.0,,0.866041788713142,,current_long_term+noncurrent_debt,False
"FOX,FOXA",Fox Corporation (Class B),Communication Services,0001754301,0001628280-26-005285,10-Q,20260204,20251231,reported_debt_only_finance_lease_unverified,10928000000.0,,6604000000.0,,0.6043191800878477,,LongTermDebtNoncurrent,False
FSLR,First Solar,Information Technology,0001274494,0001274494-26-000021,10-K,20260224,20251231,strict_complete,9537993000.0,533492000.0,533492000.0,0.05593336040401791,0.05593336040401791,current_debt+noncurrent_debt+reported_noncurrent_finance_lease,current_debt+noncurrent_debt+reported_noncurrent_finance_lease,True
FTNT,Fortinet,Information Technology,0001262039,0001262039-26-000007,10-K,20260225,20251231,reported_debt_only_finance_lease_unverified,1237500000.0,,996300000.0,,0.8050909090909091,,current_long_term+noncurrent_debt,False
FTV,Fortive,Industrials,0001659166,0001659166-26-000007,10-K,20260225,20251231,reported_debt_only_finance_lease_unverified,6453400000.0,,3206000000.0,,0.4967923885083832,,current_long_term+noncurrent_debt,False
GD,General Dynamics,Industrials,0000040533,0000040533-26-000006,10-K,20260130,20251231,strict_complete,25622000000.0,8366000000.0,8366000000.0,0.3265162750761065,0.3265162750761065,current_debt+noncurrent_debt+reported_noncurrent_finance_lease,current_debt+noncurrent_debt+reported_noncurrent_finance_lease,True
GDDY,GoDaddy,Information Technology,0001609711,0001609711-26-000010,10-K,20260225,20251231,reported_debt_only_finance_lease_unverified,215100000.0,,3780300000.0,,17.574616457461644,,current_long_term+noncurrent_debt,False
GE,GE Aerospace,Industrials,0000040545,0000040545-26-000008,10-K,20260129,20251231,strict_complete,18677000000.0,20494000000.0,20494000000.0,1.0972854312791134,1.0972854312791134,current_debt+combined_noncurrent_debt_and_finance_lease,current_debt+combined_noncurrent_debt_and_finance_lease,False
GEHC,GE HealthCare,Health Care,0001932393,0001932393-26-000007,10-K,20260204,20251231,reported_debt_only_finance_lease_unverified,10379000000.0,,9495000000.0,,0.9148280181134985,,LongTermDebtNoncurrent,False
GEN,Gen Digital,Information Technology,0000849399,0000849399-26-000004,10-Q,20260206,20251231,reported_debt_only_finance_lease_unverified,2332000000.0,,8407000000.0,,3.605060034305317,,current_long_term+noncurrent_debt,False
GEV,GE Vernova,Industrials,0001996810,0001996810-26-000015,10-K,20260129,20251231,reported_debt_only_finance_lease_unverified,11178000000.0,,278000000,,0.02487028090892825,,reported_finance_lease_only,True
GILD,Gilead Sciences,Health Care,0000882095,0000882095-26-000006,10-K,20260224,20251231,reported_debt_only_finance_lease_unverified,22703000000.0,,24936000000.0,,1.0983570453244065,,current_debt+noncurrent_debt,False
GIS,General Mills,Consumer Staples,0000040704,0001628280-26-019398,10-Q,20260318,20260228,strict_complete,9343300000.0,13967700000.0,13967700000.0,1.4949429002600794,1.4949429002600794,short_term_debt+current_long_term+combined_noncurrent_debt_and_finance_lease,short_term_debt+current_long_term+combined_noncurrent_debt_and_finance_lease,False
GLW,Corning Inc.,Information Technology,0000024741,0000024741-26-000124,10-K,20260212,20251231,strict_complete,11807000000.0,8434000000.0,8434000000.0,0.7143220123655458,0.7143220123655458,current_debt+combined_noncurrent_debt_and_finance_lease,current_debt+combined_noncurrent_debt_and_finance_lease,True
GM,General Motors,Consumer Discretionary,0001467858,0001467858-26-000013,10-K,20260127,20251231,strict_complete,61119000000.0,130277000000.0,130277000000.0,2.1315302933621294,2.1315302933621294,current_debt+combined_noncurrent_debt_and_finance_lease,current_debt+combined_noncurrent_debt_and_finance_lease,False
GNRC,Generac,Industrials,0001474735,0001437749-26-004568,10-K,20260218,20251231,strict_complete,2632422000.0,1333066000.0,1333066000.0,0.5064028487833637,0.5064028487833637,short_term_debt+current_long_term+combined_noncurrent_debt_and_finance_lease,short_term_debt+current_long_term+combined_noncurrent_debt_and_finance_lease,True
"GOOG,GOOGL",Alphabet Inc. (Class C),Communication Services,0001652044,0001652044-26-000018,10-K,20260205,20251231,reported_debt_only_finance_lease_unverified,415265000000.0,,49047000000.0,,0.11811012245192828,,LongTermDebtNoncurrent+reported_finance_lease,True
GPC,Genuine Parts Company,Consumer Discretionary,0000040987,0000040987-26-000003,10-K,20260220,20251231,reported_debt_only_finance_lease_unverified,4422991000.0,,4795751000.0,,1.0842778111011304,,short_term_debt+current_long_term+noncurrent_debt,False
GRMN,Garmin,Consumer Discretionary,0001121788,0001193125-26-056028,10-K,20260218,20251231,missing_debt,8972564000.0,,,,,,,False
GWW,W. W. Grainger,Industrials,0000277135,0000277135-26-000011,10-K,20260219,20251231,reported_debt_only_finance_lease_unverified,3736000000.0,,2488000000.0,,0.6659528907922913,,current_long_term+noncurrent_debt,False
HAL,Halliburton,Energy,0000045012,0000045012-26-000015,10-K,20260206,20251231,reported_debt_only_finance_lease_unverified,10461000000.0,,7341000000.0,,0.7017493547462001,,LongTermDebt+reported_finance_lease,True
HAS,Hasbro,Consumer Discretionary,0000046080,0000046080-26-000011,10-K,20260225,20251231,reported_debt_only_finance_lease_unverified,565500000.0,,3264900000.0,,5.773474801061008,,current_long_term+noncurrent_debt,False
HCA,HCA Healthcare,Health Care,0000860730,0001193125-26-044769,10-K,20260210,20251231,nonpositive_equity,-6027000000.0,47117000000.0,47117000000.0,,,current_debt+noncurrent_debt+reported_noncurrent_finance_lease,current_debt+noncurrent_debt+reported_noncurrent_finance_lease,True
HD,Home Depot (The),Consumer Discretionary,0000354950,0001628280-26-019436,10-K,20260318,20260131,reported_debt_only_finance_lease_unverified,12813000000.0,,2963000000,,0.2312495122141575,,reported_finance_lease_only,True
HII,Huntington Ingalls Industries,Industrials,0001501585,0001501585-26-000006,10-K,20260205,20251231,missing_debt,5073000000.0,,,,,,,False
HLT,Hilton Worldwide,Consumer Discretionary,0001585689,0001585689-26-000007,10-K,20260211,20251231,nonpositive_equity,-5388000000.0,,340000000,,,,reported_finance_lease_only,True
HON,Honeywell Technologies,Industrials,0000773840,0000773840-26-000013,10-K,20260217,20251231,strict_complete,13904000000.0,34580000000.0,34580000000.0,2.487054085155351,2.487054085155351,short_term_debt+current_long_term+combined_noncurrent_debt_and_finance_lease,short_term_debt+current_long_term+combined_noncurrent_debt_and_finance_lease,True
HPE,Hewlett Packard Enterprise,Information Technology,0001645590,0001645590-26-000032,10-Q,20260310,20260131,strict_complete,24774000000.0,21611000000.0,21611000000.0,0.8723258254621781,0.8723258254621781,current_debt+combined_noncurrent_debt_and_finance_lease,current_debt+combined_noncurrent_debt_and_finance_lease,False
HPQ,HP Inc.,Information Technology,0000047217,0000047217-26-000011,10-Q,20260225,20260131,nonpositive_equity,-766000000.0,,9699000000.0,,,,current_debt+noncurrent_debt,False
HRL,Hormel Foods,Consumer Staples,0000048465,0000048465-26-000020,10-Q,20260226,20260131,reported_debt_only_finance_lease_unverified,7938500000.0,,2879870000.0,,0.3627725640864143,,current_long_term+noncurrent_debt+reported_finance_lease,True
HSIC,Henry Schein,Health Care,0001000228,0001000228-26-000013,10-K,20260224,20251231,strict_complete,3245000000.0,3107000000.0,3107000000.0,0.9574730354391371,0.9574730354391371,short_term_debt+current_long_term+combined_noncurrent_debt_and_finance_lease,short_term_debt+current_long_term+combined_noncurrent_debt_and_finance_lease,True
HSY,Hershey Company (The),Consumer Staples,0000047111,0001628280-26-008586,10-K,20260217,20251231,strict_complete,4636750000.0,5403067000.0,5403067000.0,1.165270286299671,1.165270286299671,short_term_debt+current_long_term+combined_noncurrent_debt_and_finance_lease,short_term_debt+current_long_term+combined_noncurrent_debt_and_finance_lease,True
HUBB,Hubbell Incorporated,Industrials,0000048898,0001628280-26-007500,10-K,20260212,20251231,reported_debt_only_finance_lease_unverified,3847900000.0,,2325400000.0,,0.604329634346007,,current_debt+noncurrent_debt,False
HUM,Humana,Health Care,0000049071,0000049071-26-000009,10-K,20260219,20251231,reported_debt_only_finance_lease_unverified,17657000000.0,,12369000000.0,,0.7005153763379962,,current_debt+noncurrent_debt,False
HWM,Howmet Aerospace,Industrials,0000004281,0000004281-26-000012,10-K,20260212,20251231,reported_debt_only_finance_lease_unverified,5353000000.0,,3050000000.0,,0.5697739585279282,,current_long_term+noncurrent_debt,False
IBM,IBM,Information Technology,0000051143,0000051143-26-000010,10-K,20260224,20251231,reported_debt_only_finance_lease_unverified,32648000000.0,,55989000000.0,,1.7149289389855427,,LongTermDebtNoncurrent+reported_finance_lease,True
IDXX,Idexx Laboratories,Health Care,0000874716,0000874716-26-000038,10-K,20260220,20251231,reported_debt_only_finance_lease_unverified,1605383000.0,,449837000.0,,0.2802054089273401,,current_long_term+noncurrent_debt,False
IEX,IDEX Corporation,Industrials,0000832101,0000832101-26-000003,10-K,20260219,20251231,reported_debt_only_finance_lease_unverified,4027500000.0,,1820800000.0,,0.45209186840471755,,current_long_term+noncurrent_debt,False
IFF,International Flavors & Fragrances,Materials,0000051253,0000051253-26-000006,10-K,20260227,20251231,strict_complete,14154000000.0,6014000000.0,6014000000.0,0.42489755546135366,0.42489755546135366,current_debt+noncurrent_debt+reported_noncurrent_finance_lease,current_debt+noncurrent_debt+reported_noncurrent_finance_lease,True
INCY,Incyte,Health Care,0000879169,0000879169-26-000010,10-K,20260210,20251231,reported_debt_only_finance_lease_unverified,5167478000.0,,34715000,,0.006717977318916501,,reported_finance_lease_only,True
INTC,Intel,Information Technology,0000050863,0000050863-26-000011,10-K,20260123,20251231,reported_debt_only_finance_lease_unverified,114281000000.0,,46585000000.0,,0.4076355649670549,,current_debt+noncurrent_debt,False
INTU,Intuit,Information Technology,0000896878,0000896878-26-000014,10-Q,20260226,20260131,reported_debt_only_finance_lease_unverified,19055000000.0,,6160000000.0,,0.32327473104172133,,current_long_term+noncurrent_debt,False
IP,International Paper,Materials,0000051434,0000051434-26-000055,10-K,20260227,20251231,strict_complete,14827000000.0,9831000000.0,9831000000.0,0.6630471437242867,0.6630471437242867,current_debt+combined_noncurrent_debt_and_finance_lease,current_debt+combined_noncurrent_debt_and_finance_lease,True
IQV,IQVIA,Health Care,0001478242,0001628280-26-008322,10-K,20260217,20251231,reported_debt_only_finance_lease_unverified,6503000000.0,,15942000000.0,,2.4514839304936182,,current_long_term+noncurrent_debt+reported_finance_lease,True
IR,Ingersoll Rand,Industrials,0001699150,0001628280-26-008617,10-K,20260217,20251231,strict_complete,10089800000.0,4784700000.0,4784700000.0,0.47421158001149677,0.47421158001149677,current_debt+combined_noncurrent_debt_and_finance_lease,current_debt+combined_noncurrent_debt_and_finance_lease,True
ISRG,Intuitive Surgical,Health Care,0001035267,0001035267-26-000010,10-K,20260203,20251231,missing_debt,17824000000.0,,,,,,,False
IT,Gartner,Information Technology,0000749251,0000749251-26-000112,10-K,20260212,20251231,reported_debt_only_finance_lease_unverified,319908000.0,,2981674000.0,,9.320410868124586,,current_long_term+noncurrent_debt,False
ITW,Illinois Tool Works,Industrials,0000049826,0000049826-26-000008,10-K,20260213,20251231,reported_debt_only_finance_lease_unverified,3226000000.0,,8969000000.0,,2.7802231866088034,,current_debt+noncurrent_debt,False
J,Jacobs Solutions,Industrials,0000052988,0001628280-26-005006,10-Q,20260203,20251231,reported_debt_only_finance_lease_unverified,3443900000.0,,2486022000.0,,0.721862423415314,,LongTermDebtNoncurrent,False
JBHT,J.B. Hunt,Industrials,0000728535,0001437749-26-005294,10-K,20260224,20251231,reported_debt_only_finance_lease_unverified,3565085000.0,,1466797000.0,,0.4114339489801786,,current_long_term+noncurrent_debt,False
JBL,Jabil,Information Technology,0000898293,0001628280-26-001450,10-Q,20260109,20251130,reported_debt_only_finance_lease_unverified,1344000000.0,,2887000000.0,,2.1480654761904763,,current_long_term+noncurrent_debt,False
JCI,Johnson Controls,Industrials,0000833444,0000833444-26-000019,10-Q,20260204,20251231,strict_complete,13204000000.0,9705000000.0,9705000000.0,0.7350045440775522,0.7350045440775522,short_term_debt+current_long_term+combined_noncurrent_debt_and_finance_lease,short_term_debt+current_long_term+combined_noncurrent_debt_and_finance_lease,False
JNJ,Johnson & Johnson,Health Care,0000200406,0000200406-26-000016,10-K,20260211,20251231,reported_debt_only_finance_lease_unverified,81544000000.0,,39438000000.0,,0.48364073383694695,,LongTermDebtNoncurrent,False
KDP,Keurig Dr Pepper,Consumer Staples,0001418135,0001418135-26-000016,10-K,20260224,20251231,strict_complete,25516000000.0,16886000000.0,16886000000.0,0.6617808433923813,0.6617808433923813,current_debt+noncurrent_debt+reported_noncurrent_finance_lease,current_debt+noncurrent_debt+reported_noncurrent_finance_lease,True
KEYS,Keysight Technologies,Information Technology,0001601046,0001601046-26-000008,10-Q,20260305,20260131,reported_debt_only_finance_lease_unverified,6205000000.0,,2534000000.0,,0.40838033843674454,,LongTermDebtNoncurrent,False
KHC,Kraft Heinz,Consumer Staples,0001637459,0001637459-26-000009,10-K,20260212,20251231,reported_debt_only_finance_lease_unverified,41664000000.0,,160000000,,0.0038402457757296467,,reported_finance_lease_only,True
KLAC,KLA Corporation,Information Technology,0000319201,0000319201-26-000008,10-Q,20260130,20251231,reported_debt_only_finance_lease_unverified,5465731000.0,,5886128000.0,,1.0769150549121427,,LongTermDebt,False
KMB,Kimberly-Clark,Consumer Staples,0000055785,0001628280-26-007567,10-K,20260212,20251231,strict_complete,1502000000.0,7168000000.0,7168000000.0,4.772303595206392,4.772303595206392,current_debt+combined_noncurrent_debt_and_finance_lease,current_debt+combined_noncurrent_debt_and_finance_lease,True
KMI,Kinder Morgan,Energy,0001506307,0001506307-26-000011,10-K,20260213,20251231,reported_debt_only_finance_lease_unverified,31162000000.0,,32003000000.0,,1.0269879982029395,,current_debt+noncurrent_debt,False
KO,Coca-Cola Company (The),Consumer Staples,0000021344,0001628280-26-010047,10-K,20260220,20251231,missing_debt,32169000000.0,,,,,,,False
KR,Kroger,Consumer Staples,0000056873,0001104659-26-037723,10-K,20260331,20260131,reported_debt_only_finance_lease_unverified,5927000000.0,,1691000000,,0.28530453855238735,,reported_finance_lease_only,True
KVUE,Kenvue,Consumer Staples,0001944048,0001944048-26-000030,10-K,20260220,20251231,strict_complete,10765000000.0,8524000000.0,8524000000.0,0.7918253599628425,0.7918253599628425,current_debt+combined_noncurrent_debt_and_finance_lease,current_debt+combined_noncurrent_debt_and_finance_lease,True
LDOS,Leidos,Industrials,0001336920,0001336920-26-000030,10-K,20260217,20251231,strict_complete,4916000000.0,4648000000.0,4648000000.0,0.9454841334418226,0.9454841334418226,current_debt+combined_noncurrent_debt_and_finance_lease,current_debt+combined_noncurrent_debt_and_finance_lease,True
LEN,Lennar,Consumer Discretionary,0000920760,0001628280-26-003870,10-K,20260128,20251130,reported_debt_only_finance_lease_unverified,21959417000.0,,5874995000.0,,0.26753875114261916,,LongTermDebt,False
LH,Labcorp,Health Care,0000920148,0000920148-26-000111,10-K,20260224,20251231,reported_debt_only_finance_lease_unverified,8619800000.0,,5652300000.0,,0.6557344717974894,,current_long_term+noncurrent_debt+reported_finance_lease,True
LHX,L3Harris,Industrials,0000202058,0000202058-26-000015,10-K,20260212,20251231,reported_debt_only_finance_lease_unverified,19635000000.0,,231000000,,0.011764705882352941,,reported_finance_lease_only,True
LII,Lennox International,Industrials,0001069202,0001069202-26-000028,10-K,20260217,20251231,reported_debt_only_finance_lease_unverified,1163100000.0,,68900000,,0.059238242627461093,,reported_finance_lease_only,True
LIN,Linde plc,Materials,0001707925,0001628280-26-011430,10-K,20260225,20251231,strict_complete,38245000000.0,26989000000.0,26989000000.0,0.705687017910838,0.705687017910838,short_term_debt+current_long_term+combined_noncurrent_debt_and_finance_lease,short_term_debt+current_long_term+combined_noncurrent_debt_and_finance_lease,True
LITE,Lumentum,Information Technology,0001633978,0001628280-26-005129,10-Q,20260204,20251231,reported_debt_only_finance_lease_unverified,846600000.0,,3287300000.0,,3.8829435388613276,,current_long_term+noncurrent_debt,False
LLY,Lilly (Eli),Health Care,0000059478,0000059478-26-000013,10-K,20260212,20251231,reported_debt_only_finance_lease_unverified,26535000000.0,,42503000000.0,,1.6017712455247786,,current_debt+noncurrent_debt,False
LMT,Lockheed Martin,Industrials,0000936468,0001628280-26-004195,10-K,20260129,20251231,reported_debt_only_finance_lease_unverified,6721000000.0,,21700000000.0,,3.228686207409612,,current_long_term+noncurrent_debt,False
LOW,Lowe's,Consumer Discretionary,0000060667,0000060667-26-000029,10-K,20260323,20260131,nonpositive_equity,-9917000000.0,,391000000,,,,reported_finance_lease_only,True
LRCX,Lam Research,Information Technology,0000707549,0000707549-26-000009,10-Q,20260129,20251231,missing_debt,10145426000.0,,,,,,,False
LULU,Lululemon Athletica,Consumer Discretionary,0001397187,0001397187-26-000020,10-K,20260317,20260131,missing_debt,4961840000.0,,,,,,,False
LUV,Southwest Airlines,Industrials,0000092380,0000092380-26-000004,10-K,20260205,20251231,reported_debt_only_finance_lease_unverified,7981000000.0,,78000000,,0.009773211377020424,,reported_finance_lease_only,True
LVS,Las Vegas Sands,Consumer Discretionary,0001300514,0001300514-26-000013,10-K,20260206,20251231,reported_debt_only_finance_lease_unverified,1590000000.0,,157000000,,0.09874213836477988,,reported_finance_lease_only,True
LYB,LyondellBasell,Materials,0001489393,0001489393-26-000012,10-K,20260220,20251231,strict_complete,10082000000.0,12938000000.0,12938000000.0,1.2832771275540567,1.2832771275540567,short_term_debt+current_long_term+combined_noncurrent_debt_and_finance_lease,short_term_debt+current_long_term+combined_noncurrent_debt_and_finance_lease,False
LYV,Live Nation Entertainment,Communication Services,0001335258,0001335258-26-000009,10-K,20260219,20251231,missing_debt,271007000.0,,,,,,,False
MAR,Marriott International,Consumer Discretionary,0001048286,0001048286-26-000007,10-K,20260210,20251231,nonpositive_equity,-3771000000.0,,120000000,,,,reported_finance_lease_only,True
MAS,Masco,Industrials,0000062996,0000062996-26-000005,10-K,20260210,20251231,nonpositive_equity,-185000000.0,,2959000000.0,,,,LongTermDebtNoncurrent+reported_finance_lease,True
MCD,McDonald's,Consumer Discretionary,0000063908,0000063908-26-000035,10-K,20260224,20251231,nonpositive_equity,-1791000000.0,,42325000000.0,,,,LongTermDebtNoncurrent+reported_finance_lease,True
MCHP,Microchip Technology,Information Technology,0000827054,0000827054-26-000009,10-Q,20260205,20251231,reported_debt_only_finance_lease_unverified,6560400000.0,,5366000000.0,,0.8179379306139869,,LongTermDebtNoncurrent,False
MCK,McKesson Corporation,Health Care,0000927653,0000927653-26-000017,10-Q,20260204,20251231,nonpositive_equity,-1298000000.0,,,,,,,False
MDLZ,Mondelez International,Consumer Staples,0001103982,0001628280-26-005345,10-K,20260204,20251231,strict_complete,25838000000.0,21205000000.0,21205000000.0,0.8206904559176407,0.8206904559176407,short_term_debt+current_long_term+combined_noncurrent_debt_and_finance_lease,short_term_debt+current_long_term+combined_noncurrent_debt_and_finance_lease,True
MDT,Medtronic,Health Care,0001613103,0001628280-26-011107,10-Q,20260224,20260131,strict_complete,48985000000.0,28071000000.0,28071000000.0,0.5730529754006328,0.5730529754006328,current_debt+combined_noncurrent_debt_and_finance_lease,current_debt+combined_noncurrent_debt_and_finance_lease,False
META,Meta Platforms,Communication Services,0001326801,0001628280-26-003942,10-K,20260129,20251231,reported_debt_only_finance_lease_unverified,217243000000.0,,59928000000.0,,0.2758569896383313,,LongTermDebtNoncurrent+reported_finance_lease,True
MGM,MGM Resorts,Consumer Discretionary,0000789570,0000789570-26-000018,10-K,20260211,20251231,reported_debt_only_finance_lease_unverified,2429917000.0,,6485107000.0,,2.668859471331737,,LongTermDebtNoncurrent+reported_finance_lease,True
MKC,McCormick & Company,Consumer Staples,0000063754,0000063754-26-000192,10-Q,20260331,20260228,reported_debt_only_finance_lease_unverified,6980300000.0,,4923400000.0,,0.7053278512384854,,short_term_debt+current_long_term+noncurrent_debt,False
MLM,Martin Marietta Materials,Materials,0000916076,0001193125-26-059193,10-K,20260219,20251231,reported_debt_only_finance_lease_unverified,10032000000.0,,5625000000.0,,0.5607057416267942,,current_long_term+noncurrent_debt+reported_finance_lease,True
MMM,3M,Industrials,0000066740,0000066740-26-000014,10-K,20260203,20251231,reported_debt_only_finance_lease_unverified,4702000000.0,,12602000000.0,,2.6801361122926415,,current_debt+noncurrent_debt,False
MNST,Monster Beverage,Consumer Staples,0000865752,0001104659-26-020831,10-K,20260227,20251231,missing_debt,8254108000.0,,,,,,,False
MO,Altria,Consumer Staples,0000764180,0000764180-26-000017,10-K,20260225,20251231,nonpositive_equity,-3502000000.0,,25709000000.0,,,,current_long_term+noncurrent_debt,False
MOS,Mosaic Company (The),Materials,0001285785,0001285785-26-000017,10-K,20260227,20251231,reported_debt_only_finance_lease_unverified,12084900000.0,,176000000,,0.01456362899155144,,reported_finance_lease_only,True
MPC,Marathon Petroleum,Energy,0001510295,0001510295-26-000009,10-K,20260226,20251231,reported_debt_only_finance_lease_unverified,17314000000.0,,695000000,,0.040140926417927686,,reported_finance_lease_only,True
MPWR,Monolithic Power Systems,Information Technology,0001280452,0001437749-26-006113,10-K,20260227,20251231,missing_debt,3531497000.0,,,,,,,False
MRK,Merck & Co.,Health Care,0000310158,0000310158-26-000063,10-K,20260224,20251231,reported_debt_only_finance_lease_unverified,52606000000.0,,49339000000.0,,0.9378968178534768,,current_debt+noncurrent_debt,False
MRNA,Moderna,Health Care,0001682852,0001682852-26-000033,10-K,20260220,20251231,reported_debt_only_finance_lease_unverified,8650000000.0,,635000000.0,,0.07341040462427746,,LongTermDebtNoncurrent+reported_finance_lease,True
MRVL,Marvell Technology,Information Technology,0001835632,0001835632-26-000011,10-K,20260311,20260131,reported_debt_only_finance_lease_unverified,14308400000.0,,3970800000.0,,0.27751530569455707,,OtherLongTermDebtNoncurrent,False
MSFT,Microsoft,Information Technology,0000789019,0001193125-26-027207,10-Q,20260128,20251231,reported_debt_only_finance_lease_unverified,390875000000.0,,100413000000.0,,0.25689286856411897,,current_long_term+noncurrent_debt+reported_finance_lease,True
MSI,Motorola Solutions,Information Technology,0000068505,0000068505-26-000010,10-K,20260212,20251231,reported_debt_only_finance_lease_unverified,2410000000.0,,9162000000.0,,3.801659751037344,,short_term_debt+current_long_term+noncurrent_debt,False
MTD,Mettler Toledo,Health Care,0001037646,0001037646-26-000011,10-K,20260206,20251231,nonpositive_equity,-23636000.0,,2104571000.0,,,,LongTermDebtNoncurrent+reported_finance_lease,True
MU,Micron Technology,Information Technology,0000723125,0000723125-26-000006,10-Q,20260319,20260228,strict_complete,72459000000.0,10142000000.0,10142000000.0,0.13996880994769456,0.13996880994769456,current_debt+combined_noncurrent_debt_and_finance_lease,current_debt+combined_noncurrent_debt_and_finance_lease,True
NCLH,Norwegian Cruise Line Holdings,Consumer Discretionary,0001513761,0001104659-26-022067,10-K,20260302,20251231,missing_debt,2209888000.0,,,,,,,False
NDSN,Nordson Corporation,Industrials,0000072331,0000072331-26-000014,10-Q,20260219,20260131,reported_debt_only_finance_lease_unverified,3112106000.0,,2011688000.0,,0.6464072881836287,,current_long_term+noncurrent_debt+reported_finance_lease,True
NEM,Newmont,Materials,0001164727,0001164727-26-000010,10-K,20260219,20251231,reported_debt_only_finance_lease_unverified,33867000000.0,,5589000000.0,,0.16502790326866862,,current_long_term+noncurrent_debt+reported_finance_lease,True
NFLX,Netflix,Communication Services,0001065280,0001065280-26-000034,10-K,20260123,20251231,reported_debt_only_finance_lease_unverified,26615488000.0,,13463971000.0,,0.5058697777775106,,LongTermDebtNoncurrent,False
NOC,Northrop Grumman,Industrials,0001133421,0001133421-26-000003,10-K,20260127,20251231,reported_debt_only_finance_lease_unverified,16674000000.0,,15162000000.0,,0.9093198992443325,,LongTermDebtNoncurrent,False
NOW,ServiceNow,Information Technology,0001373715,0001373715-26-000007,10-K,20260129,20251231,reported_debt_only_finance_lease_unverified,12964000000.0,,1491000000.0,,0.11501079913606911,,ConvertibleLongTermNotesPayable,False
NSC,Norfolk Southern,Industrials,0000702165,0001628280-26-006268,10-K,20260209,20251231,reported_debt_only_finance_lease_unverified,15547000000.0,,18000000,,0.0011577796359426257,,reported_finance_lease_only,True
NTAP,NetApp,Information Technology,0001002047,0001193125-26-076622,10-Q,20260226,20260131,reported_debt_only_finance_lease_unverified,1158000000.0,,2486000000.0,,2.146804835924007,,current_long_term+noncurrent_debt,False
NUE,Nucor,Materials,0000073309,0001193125-26-071575,10-K,20260225,20251231,strict_complete,20936000000.0,7121000000.0,7121000000.0,0.34013183034008404,0.34013183034008404,short_term_debt+current_long_term+combined_noncurrent_debt_and_finance_lease,short_term_debt+current_long_term+combined_noncurrent_debt_and_finance_lease,True
NVDA,Nvidia,Information Technology,0001045810,0001045810-26-000021,10-K,20260225,20260131,reported_debt_only_finance_lease_unverified,157293000000.0,,8468000000.0,,0.05383583503398117,,current_debt+noncurrent_debt,False
NVR,"NVR, Inc.",Consumer Discretionary,0000906163,0000906163-26-000018,10-K,20260211,20251231,reported_debt_only_finance_lease_unverified,3864869000.0,,42474000,,0.01098976446549676,,reported_finance_lease_only,True
"NWS,NWSA",News Corp (Class B),Communication Services,0001564708,0001564708-26-000029,10-Q,20260206,20251231,reported_debt_only_finance_lease_unverified,8792000000.0,,1951000000.0,,0.22190627843494085,,current_long_term+noncurrent_debt,False
NXPI,NXP Semiconductors,Information Technology,0001413447,0001413447-26-000008,10-K,20260219,20251231,strict_complete,10056000000.0,12222000000.0,12222000000.0,1.2153937947494033,1.2153937947494033,current_debt+combined_noncurrent_debt_and_finance_lease,current_debt+combined_noncurrent_debt_and_finance_lease,True
ODFL,Old Dominion,Industrials,0000878927,0001193125-26-067161,10-K,20260224,20251231,missing_debt,4311057000.0,,,,,,,False
OKE,Oneok,Energy,0001039684,0001039684-26-000006,10-K,20260224,20251231,reported_debt_only_finance_lease_unverified,22485000000.0,,32816000000.0,,1.459461863464532,,short_term_debt+current_long_term+noncurrent_debt,False
OMC,Omnicom Group,Communication Services,0000029989,0000029989-26-000006,10-K,20260220,20251231,reported_debt_only_finance_lease_unverified,12045800000.0,,7759500000.0,,0.6441664314532867,,LongTermNotesPayable+reported_finance_lease,True
ON,ON Semiconductor,Information Technology,0001097864,0001097864-26-000006,10-K,20260209,20251231,reported_debt_only_finance_lease_unverified,7673300000.0,,3004800000.0,,0.39159162290018634,,LongTermDebtNoncurrent+reported_finance_lease,True
ORCL,Oracle Corporation,Information Technology,0001341439,0001193125-26-101045,10-Q,20260311,20260228,reported_debt_only_finance_lease_unverified,38495000000.0,,130968000000.0,,3.402208078971295,,LongTermNotesAndLoans+reported_finance_lease,True
ORLY,O’Reilly Automotive,Consumer Discretionary,0000898173,0000898173-26-000009,10-K,20260227,20251231,nonpositive_equity,-763352000.0,,6016904000.0,,,,LongTermDebtNoncurrent,False
OTIS,Otis Worldwide,Industrials,0001781335,0001781335-26-000011,10-K,20260205,20251231,nonpositive_equity,-5392000000.0,,7956000000.0,,,,current_debt+noncurrent_debt,False
OXY,Occidental Petroleum,Energy,0000797468,0001628280-26-009059,10-K,20260218,20251231,reported_debt_only_finance_lease_unverified,36034000000.0,,999000000,,0.027723816395626353,,reported_finance_lease_only,True
PANW,Palo Alto Networks,Information Technology,0001327567,0001327567-26-000005,10-Q,20260218,20260131,missing_debt,9393000000.0,,,,,,,False
PAYX,Paychex,Industrials,0000723531,0001193125-26-126204,10-Q,20260326,20260228,reported_debt_only_finance_lease_unverified,4013600000.0,,4954100000.0,,1.2343282838349612,,short_term_debt+current_long_term+noncurrent_debt,False
PCAR,Paccar,Industrials,0000075362,0001193125-26-057025,10-K,20260218,20251231,reported_debt_only_finance_lease_unverified,19264000000.0,,900000,,4.671926910299003e-05,,reported_finance_lease_only,True
PEP,PepsiCo,Consumer Staples,0000077476,0000077476-26-000007,10-K,20260203,20251231,reported_debt_only_finance_lease_unverified,20406000000.0,,49182000000.0,,2.410173478388709,,current_debt+noncurrent_debt,False
PFE,Pfizer,Health Care,0000078003,0000078003-26-000026,10-K,20260226,20251231,reported_debt_only_finance_lease_unverified,86476000000.0,,64795000000.0,,0.7492830380683658,,current_debt+noncurrent_debt,False
PG,Procter & Gamble,Consumer Staples,0000080424,0000080424-26-000011,10-Q,20260123,20251231,reported_debt_only_finance_lease_unverified,53317000000.0,,36639000000.0,,0.6871917024588781,,current_debt+noncurrent_debt,False
PH,Parker Hannifin,Industrials,0000076334,0000076334-26-000008,10-Q,20260130,20251231,missing_debt,14311000000.0,,,,,,,False
PHM,PulteGroup,Consumer Discretionary,0000822416,0000822416-26-000007,10-K,20260204,20251231,missing_debt,12985442000.0,,,,,,,False
PKG,Packaging Corporation of America,Materials,0000075677,0001193125-26-074129,10-K,20260226,20251231,reported_debt_only_finance_lease_unverified,4598000000.0,,3974500000.0,,0.8643975641583297,,LongTermDebtNoncurrent+reported_finance_lease,True
PLTR,Palantir Technologies,Information Technology,0001321655,0001321655-26-000011,10-K,20260217,20251231,missing_debt,7387268000.0,,,,,,,False
PM,Philip Morris International,Consumer Staples,0001413329,0001628280-26-005939,10-K,20260206,20251231,nonpositive_equity,-9994000000.0,48835000000.0,48835000000.0,,,short_term_debt+current_long_term+combined_noncurrent_debt_and_finance_lease,short_term_debt+current_long_term+combined_noncurrent_debt_and_finance_lease,True
PNR,Pentair,Industrials,0000077360,0000077360-26-000007,10-K,20260224,20251231,reported_debt_only_finance_lease_unverified,3869200000.0,,1638600000.0,,0.4234983976015714,,LongTermDebtNoncurrent,False
PODD,Insulet Corporation,Health Care,0001145197,0001145197-26-000028,10-K,20260218,20251231,reported_debt_only_finance_lease_unverified,1515200000.0,,0,,0.0,,reported_finance_lease_only,True
PPG,PPG Industries,Materials,0000079879,0000079879-26-000046,10-K,20260219,20251231,strict_complete,7941000000.0,7313000000.0,7313000000.0,0.92091676111321,0.92091676111321,current_debt+noncurrent_debt+reported_noncurrent_finance_lease,current_debt+noncurrent_debt+reported_noncurrent_finance_lease,True
PSKY,Paramount Skydance Corporation,Communication Services,0002041610,0002041610-26-000011,10-K,20260225,20251231,reported_debt_only_finance_lease_unverified,11693000000.0,,3000000,,0.0002565637560933892,,reported_finance_lease_only,True
PSX,Phillips 66,Energy,0001534701,0001534701-26-000006,10-K,20260220,20251231,strict_complete,29093000000.0,19716000000.0,19716000000.0,0.6776887911181384,0.6776887911181384,current_debt+combined_noncurrent_debt_and_finance_lease,current_debt+combined_noncurrent_debt_and_finance_lease,True
PTC,PTC Inc.,Information Technology,0000857005,0001193125-26-039347,10-Q,20260205,20251231,reported_debt_only_finance_lease_unverified,3842419000.0,,1172706000.0,,0.3051999274415414,,LongTermDebt,False
PWR,Quanta Services,Industrials,0001050915,0001050915-26-000006,10-K,20260219,20251231,strict_complete,8938249000.0,5994906000.0,5994906000.0,0.6707025056026074,0.6707025056026074,current_debt+combined_noncurrent_debt_and_finance_lease,current_debt+combined_noncurrent_debt_and_finance_lease,True
Q,Qnity Electronics,Information Technology,0002058873,0002058873-26-000010,10-K,20260226,20251231,strict_complete,7095000000.0,4027000000.0,4027000000.0,0.5675828047921071,0.5675828047921071,current_debt+combined_noncurrent_debt_and_finance_lease,current_debt+combined_noncurrent_debt_and_finance_lease,False
QCOM,Qualcomm,Information Technology,0000804328,0000804328-26-000017,10-Q,20260204,20251231,reported_debt_only_finance_lease_unverified,23073000000.0,,14817000000.0,,0.642179170458978,,LongTermDebt,False
RCL,Royal Caribbean Group,Consumer Discretionary,0000884887,0000884887-26-000007,10-K,20260211,20251231,reported_debt_only_finance_lease_unverified,10037000000.0,,159000000,,0.01584138686858623,,reported_finance_lease_only,True
REGN,Regeneron Pharmaceuticals,Health Care,0000872589,0000872589-26-000008,10-K,20260204,20251231,reported_debt_only_finance_lease_unverified,31256900000.0,,2705900000.0,,0.0865696854134607,,LongTermDebtNoncurrent+reported_finance_lease,True
RL,Ralph Lauren Corporation,Consumer Discretionary,0001037038,0001628280-26-005784,10-Q,20260205,20251231,reported_debt_only_finance_lease_unverified,2888400000.0,,1477200000.0,,0.5114250103863731,,current_long_term+noncurrent_debt+reported_finance_lease,True
RMD,ResMed,Health Care,0000943819,0000943819-26-000007,10-Q,20260130,20251231,reported_debt_only_finance_lease_unverified,6320879000.0,,663829000.0,,0.10502162752996853,,short_term_debt+all_long_term_debt,False
ROK,Rockwell Automation,Industrials,0001024478,0001024478-26-000005,10-Q,20260205,20251231,reported_debt_only_finance_lease_unverified,3746000000.0,,3400000000.0,,0.9076348104644955,,short_term_debt+current_long_term+noncurrent_debt,False
ROL,"Rollins, Inc.",Industrials,0000084839,0000084839-26-000008,10-K,20260212,20251231,reported_debt_only_finance_lease_unverified,1374321000.0,,486147000.0,,0.3537361358809186,,LongTermLineOfCredit,False
ROP,Roper Technologies,Information Technology,0000882835,0000882835-26-000009,10-K,20260224,20251231,reported_debt_only_finance_lease_unverified,19881500000.0,,9301000000.0,,0.4678218444282373,,current_long_term+noncurrent_debt,False
ROST,Ross Stores,Consumer Discretionary,0000745732,0000745732-26-000006,10-K,20260331,20260131,reported_debt_only_finance_lease_unverified,6187443000.0,,1517606000.0,,0.24527191604027707,,current_long_term+noncurrent_debt,False
RSG,Republic Services,Industrials,0001060391,0001060391-26-000094,10-K,20260218,20251231,reported_debt_only_finance_lease_unverified,11968000000.0,,293000000,,0.024481951871657755,,reported_finance_lease_only,True
RTX,RTX Corporation,Industrials,0000101829,0000101829-26-000006,10-K,20260206,20251231,strict_complete,65245000000.0,37904000000.0,37904000000.0,0.5809487317035789,0.5809487317035789,short_term_debt+current_long_term+combined_noncurrent_debt_and_finance_lease,short_term_debt+current_long_term+combined_noncurrent_debt_and_finance_lease,False
RVTY,Revvity,Health Care,0000031791,0000031791-26-000012,10-K,20260224,20251231,reported_debt_only_finance_lease_unverified,7250360000.0,,2631236000.0,,0.3629110830358768,,LongTermDebtNoncurrent,False
SBUX,Starbucks,Consumer Discretionary,0000829224,0000829224-26-000011,10-Q,20260128,20251231,nonpositive_equity,-8388700000.0,,16080400000.0,,,,current_long_term+noncurrent_debt,False
SHW,Sherwin-Williams,Materials,0000089800,0000089800-26-000008,10-K,20260219,20251231,strict_complete,4598300000.0,11066700000.0,11066700000.0,2.4066937781353976,2.4066937781353976,short_term_debt+current_long_term+noncurrent_debt+reported_finance_lease,short_term_debt+current_long_term+noncurrent_debt+reported_finance_lease,True
SJM,J.M. Smucker Company (The),Consumer Staples,0000091419,0000091419-26-000016,10-Q,20260226,20260131,reported_debt_only_finance_lease_unverified,5236100000.0,,6851700000.0,,1.3085502568705716,,LongTermDebtNoncurrent+reported_finance_lease,True
SLB,Schlumberger,Energy,0000087347,0001193125-26-021017,10-K,20260123,20251231,reported_debt_only_finance_lease_unverified,26109000000.0,,9742000000.0,,0.37312804013941553,,LongTermDebtNoncurrent,False
SMCI,Supermicro,Information Technology,0001375365,0001375365-26-000007,10-Q,20260206,20251231,reported_debt_only_finance_lease_unverified,6992015000.0,,4654623000.0,,0.6657055226569165,,ConvertibleLongTermNotesPayable,False
SNA,Snap-on,Industrials,0000091440,0000091440-26-000045,10-K,20260212,20251231,reported_debt_only_finance_lease_unverified,5931800000.0,,1187800000.0,,0.20024275936477967,,LongTermDebtNoncurrent+reported_finance_lease,True
SNDK,Sandisk,Information Technology,0002023554,0001628280-26-004407,10-Q,20260130,20251231,reported_debt_only_finance_lease_unverified,10213000000.0,,603000000.0,,0.059042396945070005,,current_long_term+noncurrent_debt,False
SNPS,Synopsys,Information Technology,0000883241,0000883241-26-000014,10-Q,20260225,20260131,reported_debt_only_finance_lease_unverified,30548827000.0,,10044210000.0,,0.3287920023901409,,current_long_term+noncurrent_debt,False
SOLV,Solventum,Health Care,0001964738,0001964738-26-000007,10-K,20260227,20251231,strict_complete,5049000000.0,5035000000.0,5035000000.0,0.9972271736977619,0.9972271736977619,current_debt+noncurrent_debt+reported_noncurrent_finance_lease,current_debt+noncurrent_debt+reported_noncurrent_finance_lease,False
STE,Steris,Health Care,0001757898,0001628280-26-006055,10-Q,20260206,20251231,reported_debt_only_finance_lease_unverified,7154500000.0,,1898400000.0,,0.26534349011111885,,LongTermDebtNoncurrent,False
STLD,Steel Dynamics,Materials,0001022671,0001104659-26-021395,10-K,20260227,20251231,reported_debt_only_finance_lease_unverified,8957182000.0,,4211163000.0,,0.4701437349380642,,current_long_term+noncurrent_debt,False
STX,Seagate Technology,Information Technology,0001137789,0001137789-26-000026,10-Q,20260130,20251231,reported_debt_only_finance_lease_unverified,459000000.0,,4499000000.0,,9.801742919389978,,current_long_term+noncurrent_debt,False
STZ,Constellation Brands,Consumer Staples,0000016918,0000016918-26-000005,10-Q,20260108,20251130,reported_debt_only_finance_lease_unverified,7710800000.0,,10663800000.0,,1.382969341702547,,short_term_debt+current_long_term+noncurrent_debt,False
SW,Smurfit Westrock,Materials,0002005951,0001628280-26-012555,10-K,20260227,20251231,missing_equity,,,550000000,,,,reported_finance_lease_only,True
SWK,Stanley Black & Decker,Industrials,0000093556,0000093556-26-000009,10-K,20260224,20251231,reported_debt_only_finance_lease_unverified,9054600000.0,,5863700000.0,,0.6475934883926402,,short_term_debt+current_long_term+noncurrent_debt,False
SWKS,Skyworks Solutions,Information Technology,0000004127,0000004127-26-000008,10-Q,20260205,20251231,reported_debt_only_finance_lease_unverified,5758900000.0,,496600000.0,,0.08623174564586987,,LongTermDebt,False
SYK,Stryker Corporation,Health Care,0000310764,0000310764-26-000010,10-K,20260211,20251231,reported_debt_only_finance_lease_unverified,22420000000.0,,15859000000.0,,0.7073595004460304,,current_debt+noncurrent_debt,False
SYY,Sysco,Consumer Staples,0000096021,0000096021-26-000009,10-Q,20260128,20251231,missing_debt,2283000000.0,,,,,,,False
T,AT&T,Communication Services,0000732717,0000732717-26-000120,10-K,20260209,20251231,strict_complete,126491000000.0,136100000000.0,136100000000.0,1.0759658789953435,1.0759658789953435,current_debt+combined_noncurrent_debt_and_finance_lease,current_debt+combined_noncurrent_debt_and_finance_lease,True
TAP,Molson Coors Beverage Company,Consumer Staples,0000024545,0000024545-26-000006,10-K,20260218,20251231,strict_complete,10230300000.0,6353500000.0,6353500000.0,0.6210472811159008,0.6210472811159008,current_debt+noncurrent_debt+reported_noncurrent_finance_lease,current_debt+noncurrent_debt+reported_noncurrent_finance_lease,True
TDG,TransDigm Group,Industrials,0001260221,0001260221-26-000017,10-Q,20260203,20251231,nonpositive_equity,-9270000000.0,,,,,,,False
TDY,Teledyne Technologies,Information Technology,0001094285,0001094285-26-000017,10-K,20260220,20251231,reported_debt_only_finance_lease_unverified,10513900000.0,,2475400000.0,,0.23544070230837272,,current_long_term+noncurrent_debt,False
TECH,Bio-Techne,Health Care,0000842023,0001104659-26-010335,10-Q,20260204,20251231,missing_debt,2010989000.0,,,,,,,False
TEL,TE Connectivity,Information Technology,0001385157,0001104659-26-006062,10-Q,20260123,20251231,reported_debt_only_finance_lease_unverified,12987000000.0,,5708000000.0,,0.43951643951643954,,current_debt+noncurrent_debt,False
TER,Teradyne,Information Technology,0000097210,0001193125-26-059002,10-K,20260219,20251231,missing_debt,2795752000.0,,,,,,,False
TGT,Target Corporation,Consumer Staples,0000027419,0000027419-26-000016,10-K,20260311,20260131,reported_debt_only_finance_lease_unverified,16165000000.0,,2113000000,,0.13071450665017012,,reported_finance_lease_only,True
TJX,TJX Companies,Consumer Discretionary,0000109198,0000109198-26-000008,10-K,20260331,20260131,reported_debt_only_finance_lease_unverified,10190000000.0,,2869000000.0,,0.2815505397448479,,current_long_term+noncurrent_debt,False
TKO,TKO Group Holdings,Communication Services,0001973266,0001193125-26-071651,10-K,20260225,20251231,reported_debt_only_finance_lease_unverified,3737381000.0,,4004324000.0,,1.0714251503927483,,current_long_term+noncurrent_debt+reported_finance_lease,True
TMO,Thermo Fisher Scientific,Health Care,0000097745,0000097745-26-000018,10-K,20260226,20251231,strict_complete,53407000000.0,39385000000.0,39385000000.0,0.7374501469844776,0.7374501469844776,current_debt+combined_noncurrent_debt_and_finance_lease,current_debt+combined_noncurrent_debt_and_finance_lease,True
TMUS,T-Mobile US,Communication Services,0001283699,0001283699-26-000010,10-K,20260211,20251231,reported_debt_only_finance_lease_unverified,59203000000.0,,83417000000.0,,1.40899954394203,,LongTermDebtNoncurrent+reported_finance_lease,True
TPL,Texas Pacific Land Corporation,Energy,0001811074,0001811074-26-000018,10-K,20260218,20251231,missing_debt,1458907000.0,,,,,,,False
TPR,"Tapestry, Inc.",Consumer Discretionary,0001116132,0001116132-26-000005,10-Q,20260205,20251231,reported_debt_only_finance_lease_unverified,551200000.0,,2379300000.0,,4.3165820029027575,,LongTermDebt,False
TRGP,Targa Resources,Energy,0001389170,0001193125-26-059296,10-K,20260219,20251231,strict_complete,3067900000.0,17432500000.0,17432500000.0,5.682225626650151,5.682225626650151,current_debt+combined_noncurrent_debt_and_finance_lease,current_debt+combined_noncurrent_debt_and_finance_lease,True
TRMB,Trimble Inc.,Information Technology,0000864749,0000864749-26-000015,10-K,20260225,20251231,reported_debt_only_finance_lease_unverified,5836200000.0,,1392200000.0,,0.2385456290051746,,LongTermDebtNoncurrent,False
TSCO,Tractor Supply,Consumer Discretionary,0000916365,0000916365-26-000014,10-K,20260219,20251231,reported_debt_only_finance_lease_unverified,2581293000.0,,1801122000.0,,0.6977596111716106,,LongTermDebtNoncurrent+reported_finance_lease,True
TSLA,"Tesla, Inc.",Consumer Discretionary,0001318605,0001628280-26-003952,10-K,20260129,20251231,reported_debt_only_finance_lease_unverified,82137000000.0,,223000000,,0.0027149761983028355,,reported_finance_lease_only,True
TSN,Tyson Foods,Consumer Staples,0000100493,0000100493-26-000007,10-Q,20260202,20251231,strict_complete,18023000000.0,8362000000.0,8362000000.0,0.46396271430949343,0.46396271430949343,current_debt+combined_noncurrent_debt_and_finance_lease,current_debt+combined_noncurrent_debt_and_finance_lease,True
TT,Trane Technologies,Industrials,0001466258,0001628280-26-005731,10-K,20260205,20251231,reported_debt_only_finance_lease_unverified,8579200000.0,,4615100000.0,,0.5379406005221932,,current_debt+noncurrent_debt,False
TTD,Trade Desk (The),Communication Services,0001671933,0001671933-26-000014,10-K,20260227,20251231,missing_debt,2484391000.0,,,,,,,False
TTWO,Take-Two Interactive,Communication Services,0000946581,0001628280-26-005119,10-Q,20260204,20251231,reported_debt_only_finance_lease_unverified,3495600000.0,,2487000000.0,,0.7114658427737728,,LongTermDebtNoncurrent,False
TXN,Texas Instruments,Information Technology,0000097476,0000097476-26-000059,10-K,20260206,20251231,reported_debt_only_finance_lease_unverified,16273000000.0,,14048000000.0,,0.8632704479813188,,current_long_term+noncurrent_debt,False
TXT,Textron,Industrials,0000217346,0000217346-26-000006,10-K,20260211,20251231,reported_debt_only_finance_lease_unverified,7875000000.0,,3550000000.0,,0.4507936507936508,,LongTermDebt+reported_finance_lease,True
TYL,Tyler Technologies,Information Technology,0000860731,0000860731-26-000016,10-K,20260218,20251231,missing_debt,3702789000.0,,,,,,,False
UAL,United Airlines Holdings,Industrials,0000100517,0000100517-26-000023,10-K,20260212,20251231,reported_debt_only_finance_lease_unverified,15282000000.0,,474000000,,0.031016882606988615,,reported_finance_lease_only,True
UBER,Uber,Industrials,0001543151,0001543151-26-000015,10-K,20260213,20251231,reported_debt_only_finance_lease_unverified,27041000000.0,,10743000000.0,,0.3972856033430716,,LongTermDebtNoncurrent+reported_finance_lease,True
UHS,Universal Health Services,Health Care,0000352915,0001193125-26-071676,10-K,20260225,20251231,reported_debt_only_finance_lease_unverified,7275792000.0,,4843672000.0,,0.6657243637531144,,current_long_term+noncurrent_debt+reported_finance_lease,True
ULTA,Ulta Beauty,Consumer Discretionary,0001403568,0001104659-26-035243,10-K,20260326,20260131,missing_debt,2803451000.0,,,,,,,False
UNH,UnitedHealth Group,Health Care,0000731766,0000731766-26-000062,10-K,20260302,20251231,reported_debt_only_finance_lease_unverified,100090000000.0,,78389000000.0,,0.783185133379958,,current_debt+noncurrent_debt,False
UNP,Union Pacific Corporation,Industrials,0000100885,0000100885-26-000037,10-K,20260206,20251231,reported_debt_only_finance_lease_unverified,18467000000.0,,105000000,,0.005685817945524449,,reported_finance_lease_only,True
UPS,United Parcel Service,Industrials,0001090727,0001628280-26-008432,10-K,20260217,20251231,strict_complete,16227000000.0,24127000000.0,24127000000.0,1.486842916127442,1.486842916127442,current_debt+combined_noncurrent_debt_and_finance_lease,current_debt+combined_noncurrent_debt_and_finance_lease,True
URI,United Rentals,Industrials,0001067701,0001067701-26-000007,10-K,20260128,20251231,strict_complete,8968000000.0,14229000000.0,14229000000.0,1.5866413916146298,1.5866413916146298,current_debt+combined_noncurrent_debt_and_finance_lease,current_debt+combined_noncurrent_debt_and_finance_lease,True
VEEV,Veeva Systems,Health Care,0001393052,0001393052-26-000014,10-K,20260320,20260131,missing_debt,7214752000.0,,,,,,,False
VLO,Valero Energy,Energy,0001035002,0001628280-26-011499,10-K,20260225,20251231,strict_complete,23725000000.0,10619000000.0,10619000000.0,0.4475869336143309,0.4475869336143309,current_debt+combined_noncurrent_debt_and_finance_lease,current_debt+combined_noncurrent_debt_and_finance_lease,True
VLTO,Veralto,Industrials,0001967680,0001967680-26-000011,10-K,20260220,20251231,reported_debt_only_finance_lease_unverified,3105000000.0,,2673000000.0,,0.8608695652173913,,current_long_term+noncurrent_debt,False
VMC,Vulcan Materials Company,Materials,0001396009,0001628280-26-009546,10-K,20260219,20251231,reported_debt_only_finance_lease_unverified,8525100000.0,,4372900000.0,,0.5129441296876283,,current_long_term+noncurrent_debt+reported_finance_lease,True
VRSK,Verisk Analytics,Industrials,0001442145,0001437749-26-004452,10-K,20260218,20251231,strict_complete,309000000.0,4737200000.0,4737200000.0,15.330744336569579,15.330744336569579,current_debt+combined_noncurrent_debt_and_finance_lease,current_debt+combined_noncurrent_debt_and_finance_lease,True
VRSN,Verisign,Information Technology,0001014473,0001014473-26-000006,10-K,20260205,20251231,nonpositive_equity,-2154200000.0,,,,,,,False
VRT,Vertiv,Industrials,0001674101,0001674101-26-000008,10-K,20260213,20251231,reported_debt_only_finance_lease_unverified,3941300000.0,,2913000000.0,,0.739096237282115,,current_long_term+noncurrent_debt,False
VRTX,Vertex Pharmaceuticals,Health Care,0000875320,0000875320-26-000056,10-K,20260213,20251231,reported_debt_only_finance_lease_unverified,18665800000.0,,112200000,,0.006010993367549207,,reported_finance_lease_only,True
VTRS,Viatris,Health Care,0001792044,0001792044-26-000013,10-K,20260226,20251231,reported_debt_only_finance_lease_unverified,14711300000.0,,14413900000.0,,0.9797842474832272,,current_long_term+noncurrent_debt,False
VZ,Verizon,Communication Services,0000732712,0000732712-26-000007,10-K,20260217,20251231,reported_debt_only_finance_lease_unverified,105741000000.0,,2511000000,,0.023746701846965697,,reported_finance_lease_only,True
WAB,Wabtec,Industrials,0000943452,0001628280-26-008067,10-K,20260213,20251231,reported_debt_only_finance_lease_unverified,11142000000.0,,5541000000.0,,0.4973074851911686,,current_long_term+noncurrent_debt,False
WAT,Waters Corporation,Health Care,0001000697,0001193125-26-062604,10-K,20260223,20251231,reported_debt_only_finance_lease_unverified,2561242000.0,,947445000.0,,0.3699162359511518,,LongTermDebtNoncurrent,False
WBD,Warner Bros. Discovery,Communication Services,0001437107,0001437107-26-000020,10-K,20260227,20251231,reported_debt_only_finance_lease_unverified,35919000000.0,,683000000,,0.019015005985690024,,reported_finance_lease_only,True
WDAY,"Workday, Inc.",Information Technology,0001327811,0001327811-26-000014,10-K,20260306,20260131,reported_debt_only_finance_lease_unverified,7805000000.0,,2987000000.0,,0.3827033952594491,,LongTermDebtNoncurrent,False
WDC,Western Digital,Information Technology,0000106040,0001628280-26-004207,10-Q,20260130,20251231,reported_debt_only_finance_lease_unverified,7111000000.0,,4655000000.0,,0.6546196034313037,,current_long_term+noncurrent_debt,False
WM,Waste Management,Industrials,0000823768,0001104659-26-012049,10-K,20260209,20251231,strict_complete,9990000000.0,22907000000.0,22907000000.0,2.292992992992993,2.292992992992993,current_debt+combined_noncurrent_debt_and_finance_lease,current_debt+combined_noncurrent_debt_and_finance_lease,True
WMB,Williams Companies,Energy,0000107263,0000107263-26-000006,10-K,20260224,20251231,missing_debt,12807000000.0,,,,,,,False
WMT,Walmart,Consumer Staples,0000104169,0000104169-26-000055,10-K,20260313,20260131,strict_complete,99617000000.0,51523000000.0,51523000000.0,0.5172109178152323,0.5172109178152323,short_term_debt+current_long_term+noncurrent_debt+reported_finance_lease,short_term_debt+current_long_term+noncurrent_debt+reported_finance_lease,True
WSM,"Williams-Sonoma, Inc.",Consumer Discretionary,0000719955,0000719955-26-000059,10-K,20260326,20260131,missing_debt,2082559000.0,,,,,,,False
WST,West Pharmaceutical Services,Health Care,0000105770,0000105770-26-000010,10-K,20260217,20251231,reported_debt_only_finance_lease_unverified,3176000000.0,,207900000.0,,0.06545969773299748,,LongTermDebtNoncurrent+reported_finance_lease,True
WYNN,Wynn Resorts,Consumer Discretionary,0001174922,0001174922-26-000013,10-K,20260302,20251231,nonpositive_equity,-275492000.0,,10648371000.0,,,,current_long_term+noncurrent_debt+reported_finance_lease,True
XOM,ExxonMobil,Energy,0000034088,0000034088-26-000045,10-K,20260218,20251231,strict_complete,259386000000.0,43537000000.0,43537000000.0,0.16784637567177874,0.16784637567177874,current_debt+combined_noncurrent_debt_and_finance_lease,current_debt+combined_noncurrent_debt_and_finance_lease,True
XYL,Xylem Inc.,Industrials,0001524472,0001524472-26-000012,10-K,20260225,20251231,reported_debt_only_finance_lease_unverified,11480000000.0,,1533000000.0,,0.13353658536585367,,LongTermDebtNoncurrent+reported_finance_lease,True
YUM,Yum! Brands,Consumer Discretionary,0001041061,0001041061-26-000084,10-K,20260220,20251231,nonpositive_equity,-7325000000.0,11910000000.0,11910000000.0,,,current_debt+combined_noncurrent_debt_and_finance_lease,current_debt+combined_noncurrent_debt_and_finance_lease,True
ZBH,Zimmer Biomet,Health Care,0001136869,0001193125-26-059853,10-K,20260220,20251231,reported_debt_only_finance_lease_unverified,12697700000.0,,7519100000.0,,0.5921623601124613,,current_long_term+noncurrent_debt,False
ZBRA,Zebra Technologies,Information Technology,0000877212,0001628280-26-007668,10-K,20260212,20251231,reported_debt_only_finance_lease_unverified,3588000000.0,,2502000000.0,,0.697324414715719,,current_long_term+noncurrent_debt,False
ZTS,Zoetis,Health Care,0001555280,0001555280-26-000011,10-K,20260212,20251231,reported_debt_only_finance_lease_unverified,3331000000.0,,9049000000.0,,2.7166016211347945,,current_long_term+noncurrent_debt+reported_finance_lease,True
