episode_id,symbol,cik,name,sector,included_in_quality_universe,first_observed_month,last_observed_month,episode_start,episode_end,months_observed,legacy,legacy_class,current_symbols_for_cik,current_ciks_for_symbol,yahoo_symbol,download_error,raw_history_available,first_price_date,last_price_date,warmup_sessions,indicator_warmup_ready,expected_sessions,observed_sessions,session_coverage,terminal_price_present,short_episode_probe,passes
AA|0000004281|1|2015-10|1,AA,0000004281,Alcoa Inc,Materials,True,2015-10,2016-10,2015-10-31,2016-10-31,13,True,TICKER_OR_SHARE_CLASS_CHANGED,['HWM'],[],AA,,True,2014-09-26,2016-12-09,277,True,252,252,1.0,True,False,True
AAL|0000006201|1|2015-10|1,AAL,0000006201,American Airlines Group,Industrials,True,2015-10,2024-08,2015-10-31,2024-08-31,107,True,NO_LONGER_CURRENT_CONSTITUENT_SECURITY,[],[],AAL,,True,2014-09-26,2024-10-10,277,True,2222,2222,1.0,True,False,True
AAP|0001158449|1|2015-10|1,AAP,0001158449,Advance Auto Parts,Consumer Discretionary,True,2015-10,2023-07,2015-10-31,2023-07-31,94,True,NO_LONGER_CURRENT_CONSTITUENT_SECURITY,[],[],AAP,,True,2014-09-26,2023-09-08,277,True,1948,1948,1.0,True,False,True
ABC|0001140859|1|2015-10|1,ABC,0001140859,AmerisourceBergen,Health Care,True,2015-10,2023-08,2015-10-31,2023-08-31,95,True,TICKER_OR_SHARE_CLASS_CHANGED,['COR'],[],ABC,EMPTY_DOWNLOAD,False,,,0,False,1971,0,0.0,False,False,False
ABMD|0000815094|1|2018-05|1,ABMD,0000815094,Abiomed,Health Care,True,2018-05,2022-11,2018-05-31,2022-11-30,55,True,NO_LONGER_CURRENT_CONSTITUENT_SECURITY,[],[],ABMD,EMPTY_DOWNLOAD,False,,,0,False,1135,0,0.0,False,False,False
ACE|0000896159|0|2015-10|1,ACE,0000896159,ACE Limited,Financials,False,2015-10,2015-12,2015-10-31,2015-12-31,3,True,TICKER_OR_SHARE_CLASS_CHANGED,['CB'],[],ACE,EMPTY_DOWNLOAD,False,,,0,False,42,0,0.0,False,False,False
ADS|0001101215|1|2015-10|1,ADS,0001101215,Alliance Data Systems,Information Technology,True,2015-10,2020-06,2015-10-31,2020-06-30,57,True,NO_LONGER_CURRENT_CONSTITUENT_SECURITY,[],[],ADS,EMPTY_DOWNLOAD,False,,,0,False,1173,0,0.0,False,False,False
ADT|0001546640|1|2015-10|1,ADT,0001546640,ADT Corp,Industrials,True,2015-10,2016-04,2015-10-31,2016-04-30,7,True,NO_LONGER_CURRENT_CONSTITUENT_SECURITY,[],[],ADT,EMPTY_DOWNLOAD,False,,,0,False,124,0,0.0,False,False,False
AET|0001122304|1|2015-10|1,AET,0001122304,Aetna Inc,Health Care,True,2015-10,2018-11,2015-10-31,2018-11-30,38,True,NO_LONGER_CURRENT_CONSTITUENT_SECURITY,[],[],AET,,True,2014-09-26,2018-11-29,277,True,777,776,0.9987129987129987,True,False,True
AGN|0000884629|1|2015-10|1,AGN,0000884629,"Allergan, Plc",Health Care,True,2015-10,2018-02,2015-10-31,2018-02-28,29,True,NO_LONGER_CURRENT_CONSTITUENT_SECURITY,[],[],AGN,EMPTY_DOWNLOAD,False,,,0,False,585,0,0.0,False,False,False
AGN|0001578845|1|2018-03|1,AGN,0001578845,"Allergan, plc",Health Care,True,2018-03,2020-04,2018-03-31,2020-04-30,26,True,NO_LONGER_CURRENT_CONSTITUENT_SECURITY,[],[],AGN,EMPTY_DOWNLOAD,False,,,0,False,525,0,0.0,False,False,False
AIV|0000922864|0|2015-10|1,AIV,0000922864,Apartment Investment & Management,Real Estate,False,2015-10,2020-11,2015-10-31,2020-11-30,62,True,NO_LONGER_CURRENT_CONSTITUENT_SECURITY,[],[],AIV,,True,2014-09-26,2021-01-08,277,True,1279,1279,1.0,True,False,True
ALK|0000766421|1|2016-05|1,ALK,0000766421,Alaska Air Group,Industrials,True,2016-05,2023-11,2016-05-31,2023-11-30,91,True,NO_LONGER_CURRENT_CONSTITUENT_SECURITY,[],[],ALK,,True,2015-04-27,2024-01-09,276,True,1890,1890,1.0,True,False,True
ALTR|0000768251|1|2015-10|1,ALTR,0000768251,Altera Corp,Information Technology,True,2015-10,2015-11,2015-10-31,2015-11-30,2,True,NO_LONGER_CURRENT_CONSTITUENT_SECURITY,[],[],ALTR,EMPTY_DOWNLOAD,False,,,0,False,20,0,0.0,False,False,False
ALXN|0000899866|1|2015-10|1,ALXN,0000899866,Alexion Pharmaceuticals,Health Care,True,2015-10,2021-06,2015-10-31,2021-06-30,69,True,NO_LONGER_CURRENT_CONSTITUENT_SECURITY,[],[],ALXN,EMPTY_DOWNLOAD,False,,,0,False,1425,0,0.0,False,False,False
AMG|0001004434|0|2015-10|1,AMG,0001004434,Affiliated Managers Group Inc,Financials,False,2015-10,2019-11,2015-10-31,2019-11-30,50,True,NO_LONGER_CURRENT_CONSTITUENT_SECURITY,[],[],AMG,,True,2014-09-26,2020-01-09,277,True,1027,1027,1.0,True,False,True
AMTM|0002011286|1|2024-09|1,AMTM,0002011286,Amentum,Industrials,True,2024-09,2024-11,2024-09-30,2024-11-30,3,True,NO_LONGER_CURRENT_CONSTITUENT_SECURITY,[],[],AMTM,,True,2024-09-24,2025-01-08,4,False,44,44,1.0,True,False,True
AN|0000350698|1|2015-10|1,AN,0000350698,AutoNation Inc,Consumer Discretionary,True,2015-10,2017-07,2015-10-31,2017-07-31,22,True,NO_LONGER_CURRENT_CONSTITUENT_SECURITY,[],[],AN,,True,2014-09-26,2017-09-08,277,True,439,439,1.0,True,False,True
ANDV|0000050104|1|2017-08|1,ANDV,0000050104,Andeavor,Energy,True,2017-08,2018-09,2017-08-31,2018-09-30,14,True,NO_LONGER_CURRENT_CONSTITUENT_SECURITY,[],[],ANDV,,True,2016-07-27,2018-10-01,277,True,272,271,0.9963235294117647,True,False,True
ANSS|0001013462|1|2017-06|1,ANSS,0001013462,Ansys,Information Technology,True,2017-06,2025-06,2017-06-30,2025-06-30,97,True,NO_LONGER_CURRENT_CONSTITUENT_SECURITY,[],[],ANSS,EMPTY_DOWNLOAD,False,,,0,False,2010,0,0.0,False,False,False
ANTM|0001156039|1|2015-10|1,ANTM,0001156039,Anthem,Health Care,True,2015-10,2022-05,2015-10-31,2022-05-31,80,True,TICKER_OR_SHARE_CLASS_CHANGED,['ELV'],[],ANTM,EMPTY_DOWNLOAD,False,,,0,False,1656,0,0.0,False,False,False
APA|0000006769|1|2015-10|1,APA,0000006769,APA Corporation,Energy,True,2015-10,2022-07,2015-10-31,2022-07-31,82,True,ENTITY_CHANGED_OR_SYMBOL_REUSED,[],['0001841666'],APA,,True,2014-09-26,2022-09-09,277,True,1697,1697,1.0,True,False,True
APC|0000773910|1|2015-10|1,APC,0000773910,Anadarko Petroleum Corp,Energy,True,2015-10,2019-07,2015-10-31,2019-07-31,46,True,NO_LONGER_CURRENT_CONSTITUENT_SECURITY,[],[],APC,EMPTY_DOWNLOAD,False,,,0,False,942,0,0.0,False,False,False
ARG|0000804212|1|2015-10|1,ARG,0000804212,Airgas Inc,Materials,True,2015-10,2016-04,2015-10-31,2016-04-30,7,True,NO_LONGER_CURRENT_CONSTITUENT_SECURITY,[],[],ARG,EMPTY_DOWNLOAD,False,,,0,False,124,0,0.0,False,False,False
ARNC|0000004281|1|2016-11|1,ARNC,0000004281,Arconic Inc.,Industrials,True,2016-11,2020-03,2016-11-30,2020-03-31,41,True,TICKER_OR_SHARE_CLASS_CHANGED,['HWM'],[],ARNC,EMPTY_DOWNLOAD,False,,,0,False,838,0,0.0,False,False,False
ATVI|0000718877|1|2015-10|1,ATVI,0000718877,Activision Blizzard,Communication Services,True,2015-10,2023-09,2015-10-31,2023-09-30,96,True,NO_LONGER_CURRENT_CONSTITUENT_SECURITY,[],[],ATVI,EMPTY_DOWNLOAD,False,,,0,False,1991,0,0.0,False,False,False
AVGO|0001441634|1|2015-10|1,AVGO,0001441634,Broadcom,Information Technology,True,2015-10,2019-04,2015-10-31,2019-04-30,43,True,ENTITY_CHANGED_OR_SYMBOL_REUSED,[],['0001730168'],AVGO,,True,2014-09-26,2019-06-07,277,True,878,878,1.0,True,False,True
AYI|0001144215|1|2016-05|1,AYI,0001144215,Acuity Brands Inc,Industrials,True,2016-05,2018-05,2016-05-31,2018-05-31,25,True,NO_LONGER_CURRENT_CONSTITUENT_SECURITY,[],[],AYI,,True,2015-04-27,2018-07-10,276,True,505,505,1.0,True,False,True
BBBY|0000886158|1|2015-10|1,BBBY,0000886158,Bed Bath & Beyond,Consumer Discretionary,True,2015-10,2017-06,2015-10-31,2017-06-30,21,True,NO_LONGER_CURRENT_CONSTITUENT_SECURITY,[],[],BBBY,,True,2014-09-26,2017-08-09,277,True,419,419,1.0,True,False,True
BBT|0000092230|0|2015-10|1,BBT,0000092230,BB&T Corporation,Financials,False,2015-10,2019-11,2015-10-31,2019-11-30,50,True,TICKER_OR_SHARE_CLASS_CHANGED,['TFC'],[],BBT,,True,2014-09-26,2020-01-09,277,True,1027,1027,1.0,True,False,True
BBWI|0000701985|1|2021-08|1,BBWI,0000701985,"Bath & Body Works, Inc.",Consumer Discretionary,True,2021-08,2024-08,2021-08-31,2024-08-31,37,True,NO_LONGER_CURRENT_CONSTITUENT_SECURITY,[],[],BBWI,,True,2020-07-27,2024-10-10,277,True,755,755,1.0,True,False,True
BCR|0000009892|1|2015-10|1,BCR,0000009892,Bard (C.R.) Inc.,Health Care,True,2015-10,2017-12,2015-10-31,2017-12-31,27,True,NO_LONGER_CURRENT_CONSTITUENT_SECURITY,[],[],BCR,EMPTY_DOWNLOAD,False,,,0,False,545,0,0.0,False,False,False
BF-B|0000014693|1|2015-10|1,BF-B,0000014693,Brown-Forman Corporation,Consumer Staples,True,2015-10,2017-01,2015-10-31,2017-01-31,16,True,TICKER_OR_SHARE_CLASS_CHANGED,['BF.B'],[],BF-B,,True,2014-09-26,2019-04-09,277,True,314,314,1.0,True,False,True
BF-B|0000014693|1|2018-11|2,BF-B,0000014693,Brown-Forman Corp.,Consumer Staples,True,2018-11,2018-11,2018-11-30,2018-11-30,1,True,TICKER_OR_SHARE_CLASS_CHANGED,['BF.B'],[],BF-B,,True,2014-09-26,2019-04-09,276,True,1,1,1.0,True,True,True
BF-B|0000014693|1|2019-01|3,BF-B,0000014693,Brown-Forman Corp.,Consumer Staples,True,2019-01,2019-02,2019-01-31,2019-02-28,2,True,TICKER_OR_SHARE_CLASS_CHANGED,['BF.B'],[],BF-B,,True,2014-09-26,2019-04-09,274,True,20,20,1.0,True,False,True
BG|0001144519|1|2023-03|1,BG,0001144519,Bunge Limited,Consumer Staples,True,2023-03,2023-10,2023-03-31,2023-10-31,8,True,ENTITY_CHANGED_OR_SYMBOL_REUSED,[],['0001996862'],BG,,True,2022-02-24,2023-12-08,276,True,148,148,1.0,True,False,True
BHF|0001685040|0|2017-08|1,BHF,0001685040,Brighthouse Financial Inc,Financials,False,2017-08,2019-03,2017-08-31,2019-03-31,20,True,NO_LONGER_CURRENT_CONSTITUENT_SECURITY,[],[],BHF,,True,2017-07-17,2019-05-10,33,False,396,396,1.0,True,False,True
BHGE|0001701605|1|2017-07|1,BHGE,0001701605,"Baker Hughes, a GE Company",Energy,True,2017-07,2019-09,2017-07-31,2019-09-30,27,True,TICKER_OR_SHARE_CLASS_CHANGED,['BKR'],[],BHGE,EMPTY_DOWNLOAD,False,,,0,False,546,0,0.0,False,False,False
BHI|0000808362|1|2015-10|1,BHI,0000808362,Baker Hughes Inc,Energy,True,2015-10,2017-06,2015-10-31,2017-06-30,21,True,NO_LONGER_CURRENT_CONSTITUENT_SECURITY,[],[],BHI,EMPTY_DOWNLOAD,False,,,0,False,419,0,0.0,False,False,False
BIO|0000012208|1|2020-07|1,BIO,0000012208,Bio-Rad Laboratories,Health Care,True,2020-07,2024-08,2020-07-31,2024-08-31,50,True,NO_LONGER_CURRENT_CONSTITUENT_SECURITY,[],[],BIO,,True,2019-06-27,2024-10-10,276,True,1028,1028,1.0,True,False,True
BK|0001390777|0|2015-10|1,BK,0001390777,BNY Mellon,Financials,False,2015-10,2026-04,2015-10-31,2026-04-30,127,True,TICKER_OR_SHARE_CLASS_CHANGED,['BNY'],[],BK,EMPTY_DOWNLOAD,False,,,0,False,2638,0,0.0,False,False,False
BLK|0001364742|0|2015-10|1,BLK,0001364742,BlackRock,Financials,False,2015-10,2024-09,2015-10-31,2024-09-30,108,True,ENTITY_CHANGED_OR_SYMBOL_REUSED,[],['0002012383'],BLK,,True,2014-09-26,2024-11-08,277,True,2242,2242,1.0,True,False,True
BLL|0000009389|1|2015-10|1,BLL,0000009389,Ball,Materials,True,2015-10,2022-04,2015-10-31,2022-04-30,79,True,TICKER_OR_SHARE_CLASS_CHANGED,['BALL'],[],BLL,EMPTY_DOWNLOAD,False,,,0,False,1635,0,0.0,False,False,False
BRCM|0001054374|1|2015-10|1,BRCM,0001054374,Broadcom Corporation,Information Technology,True,2015-10,2015-12,2015-10-31,2015-12-31,3,True,NO_LONGER_CURRENT_CONSTITUENT_SECURITY,[],[],BRCM,EMPTY_DOWNLOAD,False,,,0,False,42,0,0.0,False,False,False
BRK-B|0001067983|0|2015-10|1,BRK-B,0001067983,Berkshire Hathaway,Financials,False,2015-10,2017-01,2015-10-31,2017-01-31,16,True,TICKER_OR_SHARE_CLASS_CHANGED,['BRK.B'],[],BRK-B,,True,2014-09-26,2019-04-09,277,True,314,314,1.0,True,False,True
BRK-B|0001067983|0|2018-11|2,BRK-B,0001067983,Berkshire Hathaway,Financials,False,2018-11,2018-11,2018-11-30,2018-11-30,1,True,TICKER_OR_SHARE_CLASS_CHANGED,['BRK.B'],[],BRK-B,,True,2014-09-26,2019-04-09,276,True,1,1,1.0,True,True,True
BRK-B|0001067983|0|2019-01|3,BRK-B,0001067983,Berkshire Hathaway,Financials,False,2019-01,2019-02,2019-01-31,2019-02-28,2,True,TICKER_OR_SHARE_CLASS_CHANGED,['BRK.B'],[],BRK-B,,True,2014-09-26,2019-04-09,274,True,20,20,1.0,True,False,True
BWA|0000908255|1|2015-10|1,BWA,0000908255,BorgWarner,Consumer Discretionary,True,2015-10,2025-02,2015-10-31,2025-02-28,113,True,NO_LONGER_CURRENT_CONSTITUENT_SECURITY,[],[],BWA,,True,2014-09-26,2025-04-09,277,True,2345,2345,1.0,True,False,True
BXLT|0001620546|1|2015-10|1,BXLT,0001620546,Baxalta,Health Care,True,2015-10,2016-05,2015-10-31,2016-05-31,8,True,NO_LONGER_CURRENT_CONSTITUENT_SECURITY,[],[],BXLT,EMPTY_DOWNLOAD,False,,,0,False,145,0,0.0,False,False,False
CA|0000356028|1|2015-10|1,CA,0000356028,"CA, Inc.",Information Technology,True,2015-10,2018-10,2015-10-31,2018-10-31,37,True,NO_LONGER_CURRENT_CONSTITUENT_SECURITY,[],[],CA,EMPTY_DOWNLOAD,False,,,0,False,756,0,0.0,False,False,False
CAG|0000023217|1|2015-10|1,CAG,0000023217,Conagra Brands,Consumer Staples,True,2015-10,2026-05,2015-10-31,2026-05-31,128,True,NO_LONGER_CURRENT_CONSTITUENT_SECURITY,[],[],CAG,,True,2014-09-26,2026-07-10,277,True,2658,2658,1.0,True,False,True
CAM|0000941548|1|2015-10|1,CAM,0000941548,Cameron International Corp.,Energy,True,2015-10,2016-03,2015-10-31,2016-03-31,6,True,NO_LONGER_CURRENT_CONSTITUENT_SECURITY,[],[],CAM,EMPTY_DOWNLOAD,False,,,0,False,103,0,0.0,False,False,False
CB|0000020171|0|2015-10|1,CB,0000020171,Chubb Corp.,Financials,False,2015-10,2015-12,2015-10-31,2015-12-31,3,True,ENTITY_CHANGED_OR_SYMBOL_REUSED,[],['0000896159'],CB,,True,2014-09-26,2016-02-09,277,True,42,42,1.0,True,False,True
CBG|0001138118|0|2015-10|1,CBG,0001138118,CBRE Group,Real Estate,False,2015-10,2018-02,2015-10-31,2018-02-28,29,True,TICKER_OR_SHARE_CLASS_CHANGED,['CBRE'],[],CBG,EMPTY_DOWNLOAD,False,,,0,False,585,0,0.0,False,False,False
CBS|0000813828|1|2015-10|1,CBS,0000813828,CBS Corp.,Communication Services,True,2015-10,2019-11,2015-10-31,2019-11-30,50,True,NO_LONGER_CURRENT_CONSTITUENT_SECURITY,[],[],CBS,EMPTY_DOWNLOAD,False,,,0,False,1027,0,0.0,False,False,False
CCE|0001491675|1|2015-10|1,CCE,0001491675,Coca-Cola Enterprises,Consumer Staples,True,2015-10,2016-04,2015-10-31,2016-04-30,7,True,NO_LONGER_CURRENT_CONSTITUENT_SECURITY,[],[],CCE,EMPTY_DOWNLOAD,False,,,0,False,124,0,0.0,False,False,False
CDAY|0001725057|1|2021-09|1,CDAY,0001725057,Ceridian,Industrials,True,2021-09,2024-01,2021-09-30,2024-01-31,29,True,NO_LONGER_CURRENT_CONSTITUENT_SECURITY,[],[],CDAY,EMPTY_DOWNLOAD,False,,,0,False,587,0,0.0,False,False,False
CE|0001306830|1|2018-12|1,CE,0001306830,Celanese,Materials,True,2018-12,2025-02,2018-12-31,2025-02-28,75,True,NO_LONGER_CURRENT_CONSTITUENT_SECURITY,[],[],CE,,True,2017-11-27,2025-04-09,274,True,1550,1550,1.0,True,False,True
CELG|0000816284|1|2015-10|1,CELG,0000816284,Celgene Corp.,Health Care,True,2015-10,2019-10,2015-10-31,2019-10-31,49,True,NO_LONGER_CURRENT_CONSTITUENT_SECURITY,[],[],CELG,EMPTY_DOWNLOAD,False,,,0,False,1007,0,0.0,False,False,False
CERN|0000804753|1|2015-10|1,CERN,0000804753,Cerner,Health Care,True,2015-10,2022-05,2015-10-31,2022-05-31,80,True,NO_LONGER_CURRENT_CONSTITUENT_SECURITY,[],[],CERN,EMPTY_DOWNLOAD,False,,,0,False,1656,0,0.0,False,False,False
CHK|0000895126|1|2015-10|1,CHK,0000895126,Chesapeake Energy,Energy,True,2015-10,2018-02,2015-10-31,2018-02-28,29,True,TICKER_OR_SHARE_CLASS_CHANGED,['EXE'],[],CHK,EMPTY_DOWNLOAD,False,,,0,False,585,0,0.0,False,False,False
CI|0000701221|1|2015-10|1,CI,0000701221,CIGNA Corp.,Health Care,True,2015-10,2020-08,2015-10-31,2020-08-31,59,True,ENTITY_CHANGED_OR_SYMBOL_REUSED,[],['0001739940'],CI,,True,2014-09-26,2020-10-09,277,True,1216,1216,1.0,True,False,True
CMA|0000028412|0|2015-10|1,CMA,0000028412,Comerica,Financials,False,2015-10,2024-05,2015-10-31,2024-05-31,104,True,NO_LONGER_CURRENT_CONSTITUENT_SECURITY,[],[],CMA,EMPTY_DOWNLOAD,False,,,0,False,2159,0,0.0,False,False,False
CMCSK|0001166691|1|2015-10|1,CMCSK,0001166691,Comcast Special Corp Class A,Consumer Discretionary,True,2015-10,2015-11,2015-10-31,2015-11-30,2,True,TICKER_OR_SHARE_CLASS_CHANGED,['CMCSA'],[],CMCSK,EMPTY_DOWNLOAD,False,,,0,False,20,0,0.0,False,False,False
CNX|0001070412|1|2015-10|1,CNX,0001070412,CONSOL Energy Inc.,Energy,True,2015-10,2016-02,2015-10-31,2016-02-29,5,True,NO_LONGER_CURRENT_CONSTITUENT_SECURITY,[],[],CNX,,True,2014-09-26,2016-04-08,277,True,81,81,1.0,True,False,True
COG|0000858470|1|2015-10|1,COG,0000858470,Cabot Oil & Gas,Energy,True,2015-10,2021-09,2015-10-31,2021-09-30,72,True,NO_LONGER_CURRENT_CONSTITUENT_SECURITY,[],[],COG,EMPTY_DOWNLOAD,False,,,0,False,1489,0,0.0,False,False,False
COH|0001116132|1|2015-10|1,COH,0001116132,Coach Inc.,Consumer Discretionary,True,2015-10,2017-09,2015-10-31,2017-09-30,24,True,TICKER_OR_SHARE_CLASS_CHANGED,['TPR'],[],COH,EMPTY_DOWNLOAD,False,,,0,False,482,0,0.0,False,False,False
COL|0001137411|1|2015-10|1,COL,0001137411,Rockwell Collins,Industrials,True,2015-10,2018-11,2015-10-31,2018-11-30,38,True,NO_LONGER_CURRENT_CONSTITUENT_SECURITY,[],[],COL,,True,2014-09-26,2019-01-09,271,True,777,762,0.9806949806949807,True,False,True
COTY|0001024305|1|2016-09|1,COTY,0001024305,"Coty, Inc",Consumer Staples,True,2016-09,2020-09,2016-09-30,2020-09-30,49,True,NO_LONGER_CURRENT_CONSTITUENT_SECURITY,[],[],COTY,,True,2015-08-27,2020-11-09,276,True,1007,1007,1.0,True,False,True
CPB|0000016732|1|2015-10|1,CPB,0000016732,Campbell's Company (The),Consumer Staples,True,2015-10,2026-05,2015-10-31,2026-05-31,128,True,NO_LONGER_CURRENT_CONSTITUENT_SECURITY,[],[],CPB,,True,2014-09-26,2026-07-10,277,True,2658,2658,1.0,True,False,True
CPGX|0001629995|1|2015-10|1,CPGX,0001629995,Columbia Pipeline Group Inc,Energy,True,2015-10,2016-06,2015-10-31,2016-06-30,9,True,NO_LONGER_CURRENT_CONSTITUENT_SECURITY,[],[],CPGX,EMPTY_DOWNLOAD,False,,,0,False,167,0,0.0,False,False,False
CPRI|0001530721|1|2019-01|1,CPRI,0001530721,Capri Holdings,Consumer Discretionary,True,2019-01,2020-04,2019-01-31,2020-04-30,16,True,NO_LONGER_CURRENT_CONSTITUENT_SECURITY,[],[],CPRI,,True,2017-12-27,2020-06-09,274,True,315,315,1.0,True,False,True
CSC|0000023082|1|2015-10|1,CSC,0000023082,Computer Sciences Corp.,Information Technology,True,2015-10,2015-11,2015-10-31,2015-11-30,2,True,NO_LONGER_CURRENT_CONSTITUENT_SECURITY,[],[],CSC,EMPTY_DOWNLOAD,False,,,0,False,20,0,0.0,False,False,False
CSRA|0001646383|1|2015-12|1,CSRA,0001646383,CSRA Inc.,Information Technology,True,2015-12,2018-03,2015-12-31,2018-03-31,28,True,NO_LONGER_CURRENT_CONSTITUENT_SECURITY,[],[],CSRA,,True,2015-11-16,2018-04-03,31,False,565,565,1.0,True,False,True
CTL|0000018926|1|2015-10|1,CTL,0000018926,CenturyLink Inc,Communication Services,True,2015-10,2020-08,2015-10-31,2020-08-31,59,True,NO_LONGER_CURRENT_CONSTITUENT_SECURITY,[],[],CTL,EMPTY_DOWNLOAD,False,,,0,False,1216,0,0.0,False,False,False
CTLT|0001596783|1|2020-10|1,CTLT,0001596783,Catalent,Health Care,True,2020-10,2024-11,2020-10-31,2024-11-30,50,True,NO_LONGER_CURRENT_CONSTITUENT_SECURITY,[],[],CTLT,EMPTY_DOWNLOAD,False,,,0,False,1026,0,0.0,False,False,False
CTRA|0000858470|1|2021-10|1,CTRA,0000858470,Coterra,Energy,True,2021-10,2026-04,2021-10-31,2026-04-30,55,True,NO_LONGER_CURRENT_CONSTITUENT_SECURITY,[],[],CTRA,EMPTY_DOWNLOAD,False,,,0,False,1128,0,0.0,False,False,False
CTXS|0000877890|1|2015-10|1,CTXS,0000877890,Citrix,Information Technology,True,2015-10,2022-09,2015-10-31,2022-09-30,84,True,NO_LONGER_CURRENT_CONSTITUENT_SECURITY,[],[],CTXS,EMPTY_DOWNLOAD,False,,,0,False,1741,0,0.0,False,False,False
CVC|0001053112|1|2015-10|1,CVC,0001053112,Cablevision Systems Corp.,Consumer Discretionary,True,2015-10,2016-05,2015-10-31,2016-05-31,8,True,NO_LONGER_CURRENT_CONSTITUENT_SECURITY,[],[],CVC,EMPTY_DOWNLOAD,False,,,0,False,145,0,0.0,False,False,False
CXO|0001358071|1|2016-02|1,CXO,0001358071,Concho Resources,Energy,True,2016-02,2020-12,2016-02-29,2020-12-31,59,True,NO_LONGER_CURRENT_CONSTITUENT_SECURITY,[],[],CXO,EMPTY_DOWNLOAD,False,,,0,False,1221,0,0.0,False,False,False
CZR|0001590895|1|2021-03|1,CZR,0001590895,Caesars Entertainment,Consumer Discretionary,True,2021-03,2025-08,2021-03-31,2025-08-31,54,True,NO_LONGER_CURRENT_CONSTITUENT_SECURITY,[],[],CZR,,True,2020-02-25,2025-10-10,277,True,1110,1110,1.0,True,False,True
DAY|0001725057|1|2024-02|1,DAY,0001725057,Dayforce,Industrials,True,2024-02,2026-01,2024-02-29,2026-01-31,24,True,NO_LONGER_CURRENT_CONSTITUENT_SECURITY,[],[],DAY,EMPTY_DOWNLOAD,False,,,0,False,482,0,0.0,False,False,False
DD|0000030554|1|2015-10|1,DD,0000030554,Du Pont (E.I.),Materials,True,2015-10,2017-08,2015-10-31,2017-08-31,23,True,ENTITY_CHANGED_OR_SYMBOL_REUSED,[],['0001666700'],DD,,True,2014-09-26,2017-10-10,277,True,462,462,1.0,True,False,True
DFS|0001393612|0|2015-10|1,DFS,0001393612,Discover Financial,Financials,False,2015-10,2025-04,2015-10-31,2025-04-30,115,True,NO_LONGER_CURRENT_CONSTITUENT_SECURITY,[],[],DFS,EMPTY_DOWNLOAD,False,,,0,False,2387,0,0.0,False,False,False
DIS|0001001039|1|2015-10|1,DIS,0001001039,The Walt Disney Company,Communication Services,True,2015-10,2020-08,2015-10-31,2020-08-31,59,True,ENTITY_CHANGED_OR_SYMBOL_REUSED,[],['0001744489'],DIS,,True,2014-09-26,2020-10-09,277,True,1216,1216,1.0,True,False,True
DISCA|0001437107|1|2015-10|1,DISCA,0001437107,Discovery (Series A),Communication Services,True,2015-10,2022-03,2015-10-31,2022-03-31,78,True,TICKER_OR_SHARE_CLASS_CHANGED,['WBD'],[],DISCA,EMPTY_DOWNLOAD,False,,,0,False,1615,0,0.0,False,False,False
DISCK|0001437107|1|2015-10|1,DISCK,0001437107,Discovery (Series C),Communication Services,True,2015-10,2022-03,2015-10-31,2022-03-31,78,True,TICKER_OR_SHARE_CLASS_CHANGED,['WBD'],[],DISCK,EMPTY_DOWNLOAD,False,,,0,False,1615,0,0.0,False,False,False
DISH|0001001082|1|2017-03|1,DISH,0001001082,Dish Network,Communication Services,True,2017-03,2023-05,2017-03-31,2023-05-31,75,True,NO_LONGER_CURRENT_CONSTITUENT_SECURITY,[],[],DISH,EMPTY_DOWNLOAD,False,,,0,False,1552,0,0.0,False,False,False
DLPH|0001521332|1|2015-10|1,DLPH,0001521332,Delphi Automotive PLC,Consumer Discretionary,True,2015-10,2017-11,2015-10-31,2017-11-30,26,True,TICKER_OR_SHARE_CLASS_CHANGED,['APTV'],[],DLPH,EMPTY_DOWNLOAD,False,,,0,False,525,0,0.0,False,False,False
DNB|0001115222|1|2015-10|1,DNB,0001115222,Dun & Bradstreet,Industrials,True,2015-10,2017-03,2015-10-31,2017-03-31,18,True,NO_LONGER_CURRENT_CONSTITUENT_SECURITY,[],[],DNB,EMPTY_DOWNLOAD,False,,,0,False,356,0,0.0,False,False,False
DO|0000949039|1|2015-10|1,DO,0000949039,Diamond Offshore Drilling,Energy,True,2015-10,2016-08,2015-10-31,2016-08-31,11,True,NO_LONGER_CURRENT_CONSTITUENT_SECURITY,[],[],DO,EMPTY_DOWNLOAD,False,,,0,False,210,0,0.0,False,False,False
DOW|0000029915|1|2015-10|1,DOW,0000029915,Dow Chemical,Materials,True,2015-10,2017-08,2015-10-31,2017-08-31,23,True,ENTITY_CHANGED_OR_SYMBOL_REUSED,[],['0001751788'],DOW,EMPTY_DOWNLOAD,False,,,0,False,462,0,0.0,False,False,False
DPS|0001418135|1|2015-10|1,DPS,0001418135,Dr Pepper Snapple Group,Consumer Staples,True,2015-10,2018-06,2015-10-31,2018-06-30,33,True,TICKER_OR_SHARE_CLASS_CHANGED,['KDP'],[],DPS,EMPTY_DOWNLOAD,False,,,0,False,670,0,0.0,False,False,False
DRE|0000783280|0|2017-07|1,DRE,0000783280,Duke Realty,Real Estate,False,2017-07,2022-09,2017-07-31,2022-09-30,63,True,NO_LONGER_CURRENT_CONSTITUENT_SECURITY,[],[],DRE,EMPTY_DOWNLOAD,False,,,0,False,1303,0,0.0,False,False,False
DWDP|0001666700|1|2017-09|1,DWDP,0001666700,DowDuPont,Materials,True,2017-09,2019-05,2017-09-30,2019-05-31,21,True,TICKER_OR_SHARE_CLASS_CHANGED,['DD'],[],DWDP,EMPTY_DOWNLOAD,False,,,0,False,418,0,0.0,False,False,False
DXC|0001688568|1|2017-04|1,DXC,0001688568,DXC Technology,Information Technology,True,2017-04,2023-09,2017-04-30,2023-09-30,78,True,NO_LONGER_CURRENT_CONSTITUENT_SECURITY,[],[],DXC,,True,2016-03-28,2023-11-09,276,True,1616,1616,1.0,True,False,True
EMC|0000790070|1|2015-10|1,EMC,0000790070,EMC Corp.,Information Technology,True,2015-10,2016-08,2015-10-31,2016-08-31,11,True,NO_LONGER_CURRENT_CONSTITUENT_SECURITY,[],[],EMC,EMPTY_DOWNLOAD,False,,,0,False,210,0,0.0,False,False,False
EMN|0000915389|1|2015-10|1,EMN,0000915389,Eastman Chemical Company,Materials,True,2015-10,2025-10,2015-10-31,2025-10-31,121,True,NO_LONGER_CURRENT_CONSTITUENT_SECURITY,[],[],EMN,,True,2014-09-26,2025-12-10,277,True,2515,2515,1.0,True,False,True
ENDP|0001100962|1|2015-10|1,ENDP,0001100962,Endo International,Health Care,True,2015-10,2017-02,2015-10-31,2017-02-28,17,True,NO_LONGER_CURRENT_CONSTITUENT_SECURITY,[],[],ENDP,EMPTY_DOWNLOAD,False,,,0,False,333,0,0.0,False,False,False
ENPH|0001463101|1|2021-01|1,ENPH,0001463101,Enphase Energy,Information Technology,True,2021-01,2025-08,2021-01-31,2025-08-31,56,True,NO_LONGER_CURRENT_CONSTITUENT_SECURITY,[],[],ENPH,,True,2019-12-30,2025-10-10,274,True,1151,1151,1.0,True,False,True
EPAM|0001352010|1|2021-12|1,EPAM,0001352010,EPAM Systems,Information Technology,True,2021-12,2026-05,2021-12-31,2026-05-31,54,True,NO_LONGER_CURRENT_CONSTITUENT_SECURITY,[],[],EPAM,,True,2020-11-27,2026-07-10,275,True,1106,1106,1.0,True,False,True
ESRX|0001532063|1|2015-10|1,ESRX,0001532063,Express Scripts,Health Care,True,2015-10,2018-11,2015-10-31,2018-11-30,38,True,NO_LONGER_CURRENT_CONSTITUENT_SECURITY,[],[],ESRX,,True,2014-09-26,2018-12-21,277,True,777,776,0.9987129987129987,True,False,True
ESV|0000314808|1|2015-10|1,ESV,0000314808,Ensco plc,Energy,True,2015-10,2016-02,2015-10-31,2016-02-29,5,True,NO_LONGER_CURRENT_CONSTITUENT_SECURITY,[],[],ESV,EMPTY_DOWNLOAD,False,,,0,False,81,0,0.0,False,False,False
ETFC|0001015780|0|2015-10|1,ETFC,0001015780,E*Trade,Financials,False,2015-10,2020-09,2015-10-31,2020-09-30,60,True,NO_LONGER_CURRENT_CONSTITUENT_SECURITY,[],[],ETFC,EMPTY_DOWNLOAD,False,,,0,False,1237,0,0.0,False,False,False
ETSY|0001370637|1|2020-10|1,ETSY,0001370637,Etsy,Consumer Discretionary,True,2020-10,2024-08,2020-10-31,2024-08-31,47,True,NO_LONGER_CURRENT_CONSTITUENT_SECURITY,[],[],ETSY,,True,2019-09-27,2024-10-10,277,True,963,963,1.0,True,False,True
EVHC|0000895930|1|2016-12|1,EVHC,0000895930,Envision Healthcare,Health Care,True,2016-12,2018-09,2016-12-31,2018-09-30,22,True,NO_LONGER_CURRENT_CONSTITUENT_SECURITY,[],[],EVHC,,True,2015-11-27,2018-10-10,276,True,439,438,0.9977220956719818,True,False,True
FB|0001326801|1|2015-10|1,FB,0001326801,Meta,Communication Services,True,2015-10,2022-05,2015-10-31,2022-05-31,80,True,TICKER_OR_SHARE_CLASS_CHANGED,['META'],[],FB,EMPTY_DOWNLOAD,False,,,0,False,1656,0,0.0,False,False,False
FBHS|0001519751|1|2016-06|1,FBHS,0001519751,Fortune Brands Home & Security,Industrials,True,2016-06,2022-11,2016-06-30,2022-11-30,78,True,NO_LONGER_CURRENT_CONSTITUENT_SECURITY,[],[],FBHS,EMPTY_DOWNLOAD,False,,,0,False,1617,0,0.0,False,False,False
FI|0000798354|0|2023-06|1,FI,0000798354,Fiserv,Financials,False,2023-06,2025-10,2023-06-30,2025-10-31,29,True,TICKER_OR_SHARE_CLASS_CHANGED,['FISV'],[],FI,EMPTY_DOWNLOAD,False,,,0,False,588,0,0.0,False,False,False
FL|0000850209|1|2016-04|1,FL,0000850209,Foot Locker Inc,Consumer Discretionary,True,2016-04,2019-07,2016-04-30,2019-07-31,40,True,NO_LONGER_CURRENT_CONSTITUENT_SECURITY,[],[],FL,EMPTY_DOWNLOAD,False,,,0,False,818,0,0.0,False,False,False
FLIR|0000354908|1|2015-10|1,FLIR,0000354908,FLIR Systems,Information Technology,True,2015-10,2021-04,2015-10-31,2021-04-30,67,True,NO_LONGER_CURRENT_CONSTITUENT_SECURITY,[],[],FLIR,EMPTY_DOWNLOAD,False,,,0,False,1383,0,0.0,False,False,False
FLR|0001124198|1|2015-10|1,FLR,0001124198,Fluor Corp.,Industrials,True,2015-10,2019-05,2015-10-31,2019-05-31,44,True,NO_LONGER_CURRENT_CONSTITUENT_SECURITY,[],[],FLR,,True,2014-09-26,2019-07-10,277,True,900,900,1.0,True,False,True
FLS|0000030625|1|2015-10|1,FLS,0000030625,Flowserve Corporation,Industrials,True,2015-10,2021-02,2015-10-31,2021-02-28,65,True,NO_LONGER_CURRENT_CONSTITUENT_SECURITY,[],[],FLS,,True,2014-09-26,2021-04-09,277,True,1339,1339,1.0,True,False,True
FLT|0001175454|0|2023-03|1,FLT,0001175454,Fleetcor,Financials,False,2023-03,2024-02,2023-03-31,2024-02-29,12,True,TICKER_OR_SHARE_CLASS_CHANGED,['CPAY'],[],FLT,EMPTY_DOWNLOAD,False,,,0,False,230,0,0.0,False,False,False
FLT|0001175454|1|2018-06|1,FLT,0001175454,Fleetcor,Information Technology,True,2018-06,2023-02,2018-06-30,2023-02-28,57,True,TICKER_OR_SHARE_CLASS_CHANGED,['CPAY'],[],FLT,EMPTY_DOWNLOAD,False,,,0,False,1173,0,0.0,False,False,False
FMC|0000037785|1|2015-10|1,FMC,0000037785,FMC Corporation,Materials,True,2015-10,2025-02,2015-10-31,2025-02-28,113,True,NO_LONGER_CURRENT_CONSTITUENT_SECURITY,[],[],FMC,,True,2014-09-26,2025-04-09,277,True,2345,2345,1.0,True,False,True
FOSL|0000883569|1|2015-10|1,FOSL,0000883569,"Fossil, Inc.",Consumer Discretionary,True,2015-10,2015-12,2015-10-31,2015-12-31,3,True,NO_LONGER_CURRENT_CONSTITUENT_SECURITY,[],[],FOSL,,True,2014-09-26,2016-02-09,277,True,42,42,1.0,True,False,True
FOX|0001308161|1|2015-10|1,FOX,0001308161,Fox Corporation (Class B),Communication Services,True,2015-10,2020-08,2015-10-31,2020-08-31,59,True,ENTITY_CHANGED_OR_SYMBOL_REUSED,[],['0001754301'],FOX,,True,2019-03-13,2020-10-09,0,False,1216,372,0.3059210526315789,True,False,False
FOXA|0001308161|1|2015-10|1,FOXA,0001308161,Fox Corporation (Class A),Communication Services,True,2015-10,2020-08,2015-10-31,2020-08-31,59,True,ENTITY_CHANGED_OR_SYMBOL_REUSED,[],['0001754301'],FOXA,,True,2019-03-12,2020-10-09,0,False,1216,373,0.3067434210526316,True,False,False
FRC|0001132979|0|2019-01|1,FRC,0001132979,First Republic Bank,Financials,False,2019-01,2023-04,2019-01-31,2023-04-30,52,True,NO_LONGER_CURRENT_CONSTITUENT_SECURITY,[],[],FRC,EMPTY_DOWNLOAD,False,,,0,False,1069,0,0.0,False,False,False
FTI|0001135152|1|2015-10|1,FTI,0001135152,FMC Technologies Inc.,Energy,True,2015-10,2017-03,2015-10-31,2017-03-31,18,True,NO_LONGER_CURRENT_CONSTITUENT_SECURITY,[],[],FTI,,True,2014-09-26,2021-03-12,277,True,356,356,1.0,True,False,True
FTI|0001681459|1|2017-04|1,FTI,0001681459,TechnipFMC,Energy,True,2017-04,2021-01,2017-04-30,2021-01-31,46,True,NO_LONGER_CURRENT_CONSTITUENT_SECURITY,[],[],FTI,,True,2014-09-26,2021-03-12,276,True,945,945,1.0,True,False,True
FTR|0000020520|1|2015-10|1,FTR,0000020520,Frontier Communications,Telecommunications Services,True,2015-10,2017-02,2015-10-31,2017-02-28,17,True,NO_LONGER_CURRENT_CONSTITUENT_SECURITY,[],[],FTR,EMPTY_DOWNLOAD,False,,,0,False,333,0,0.0,False,False,False
GAS|0001004155|0|2015-10|1,GAS,0001004155,AGL Resources Inc.,Utilities,False,2015-10,2016-06,2015-10-31,2016-06-30,9,True,NO_LONGER_CURRENT_CONSTITUENT_SECURITY,[],[],GAS,EMPTY_DOWNLOAD,False,,,0,False,167,0,0.0,False,False,False
GGP|0000895648|0|2015-10|1,GGP,0000895648,General Growth Properties Inc.,Real Estate,False,2015-10,2018-02,2015-10-31,2018-02-28,29,True,NO_LONGER_CURRENT_CONSTITUENT_SECURITY,[],[],GGP,EMPTY_DOWNLOAD,False,,,0,False,585,0,0.0,False,False,False
GGP|0001496048|0|2018-03|1,GGP,0001496048,General Growth Properties Inc.,Real Estate,False,2018-03,2018-07,2018-03-31,2018-07-31,5,True,NO_LONGER_CURRENT_CONSTITUENT_SECURITY,[],[],GGP,EMPTY_DOWNLOAD,False,,,0,False,85,0,0.0,False,False,False
GMCR|0000909954|1|2015-10|1,GMCR,0000909954,Keurig Green Mountain,Consumer Staples,True,2015-10,2016-02,2015-10-31,2016-02-29,5,True,NO_LONGER_CURRENT_CONSTITUENT_SECURITY,[],[],GMCR,EMPTY_DOWNLOAD,False,,,0,False,81,0,0.0,False,False,False
GME|0001326380|1|2015-10|1,GME,0001326380,GameStop Corp.,Consumer Discretionary,True,2015-10,2016-03,2015-10-31,2016-03-31,6,True,NO_LONGER_CURRENT_CONSTITUENT_SECURITY,[],[],GME,,True,2014-09-26,2016-05-10,277,True,103,103,1.0,True,False,True
GNW|0001276520|0|2015-10|1,GNW,0001276520,Genworth Financial Inc.,Financials,False,2015-10,2015-10,2015-10-31,2015-10-31,1,True,NO_LONGER_CURRENT_CONSTITUENT_SECURITY,[],[],GNW,,True,2014-09-26,2015-12-10,277,True,0,0,0.0,False,True,False
GOOG|0001288776|1|2015-10|1,GOOG,0001288776,Alphabet Inc Class C,Information Technology,True,2015-10,2016-05,2015-10-31,2016-05-31,8,True,ENTITY_CHANGED_OR_SYMBOL_REUSED,[],['0001652044'],GOOG,,True,2014-09-26,2016-07-08,277,True,145,145,1.0,True,False,True
GOOGL|0001288776|1|2015-10|1,GOOGL,0001288776,Alphabet Inc Class A,Information Technology,True,2015-10,2016-05,2015-10-31,2016-05-31,8,True,ENTITY_CHANGED_OR_SYMBOL_REUSED,[],['0001652044'],GOOGL,,True,2014-09-26,2016-07-08,277,True,145,145,1.0,True,False,True
GPS|0000039911|1|2015-10|1,GPS,0000039911,Gap,Consumer Discretionary,True,2015-10,2022-01,2015-10-31,2022-01-31,76,True,NO_LONGER_CURRENT_CONSTITUENT_SECURITY,[],[],GPS,EMPTY_DOWNLOAD,False,,,0,False,1573,0,0.0,False,False,False
GT|0000042582|1|2015-10|1,GT,0000042582,Goodyear Tire & Rubber,Consumer Discretionary,True,2015-10,2019-01,2015-10-31,2019-01-31,40,True,NO_LONGER_CURRENT_CONSTITUENT_SECURITY,[],[],GT,,True,2014-09-26,2019-03-12,277,True,817,817,1.0,True,False,True
HAR|0000800459|1|2015-10|1,HAR,0000800459,Harman Int'l Industries,Consumer Discretionary,True,2015-10,2017-02,2015-10-31,2017-02-28,17,True,NO_LONGER_CURRENT_CONSTITUENT_SECURITY,[],[],HAR,EMPTY_DOWNLOAD,False,,,0,False,333,0,0.0,False,False,False
HBI|0001359841|1|2015-10|1,HBI,0001359841,Hanesbrands,Consumer Discretionary,True,2015-10,2021-11,2015-10-31,2021-11-30,74,True,NO_LONGER_CURRENT_CONSTITUENT_SECURITY,[],[],HBI,EMPTY_DOWNLOAD,False,,,0,False,1531,0,0.0,False,False,False
HCBK|0000921847|0|2015-10|1,HCBK,0000921847,Hudson City Bancorp,Financials,False,2015-10,2015-10,2015-10-31,2015-10-31,1,True,NO_LONGER_CURRENT_CONSTITUENT_SECURITY,[],[],HCBK,EMPTY_DOWNLOAD,False,,,0,False,0,0,0.0,False,True,False
HCN|0000766704|0|2015-10|1,HCN,0000766704,Welltower Inc.,Real Estate,False,2015-10,2018-01,2015-10-31,2018-01-31,28,True,TICKER_OR_SHARE_CLASS_CHANGED,['WELL'],[],HCN,EMPTY_DOWNLOAD,False,,,0,False,566,0,0.0,False,False,False
HCP|0000765880|0|2015-10|1,HCP,0000765880,HCP Inc.,Real Estate,False,2015-10,2019-10,2015-10-31,2019-10-31,49,True,TICKER_OR_SHARE_CLASS_CHANGED,['DOC'],[],HCP,EMPTY_DOWNLOAD,False,,,0,False,1007,0,0.0,False,False,False
HES|0000004447|1|2015-10|1,HES,0000004447,Hess Corporation,Energy,True,2015-10,2025-06,2015-10-31,2025-06-30,117,True,NO_LONGER_CURRENT_CONSTITUENT_SECURITY,[],[],HES,EMPTY_DOWNLOAD,False,,,0,False,2428,0,0.0,False,False,False
HFC|0000048039|1|2018-06|1,HFC,0000048039,HollyFrontier Corp,Energy,True,2018-06,2021-05,2018-06-30,2021-05-31,36,True,NO_LONGER_CURRENT_CONSTITUENT_SECURITY,[],[],HFC,EMPTY_DOWNLOAD,False,,,0,False,733,0,0.0,False,False,False
HOG|0000793952|1|2015-10|1,HOG,0000793952,Harley-Davidson,Consumer Discretionary,True,2015-10,2020-06,2015-10-31,2020-06-30,57,True,NO_LONGER_CURRENT_CONSTITUENT_SECURITY,[],[],HOG,,True,2014-09-26,2020-08-07,277,True,1173,1173,1.0,True,False,True
HOLX|0000859737|1|2016-03|1,HOLX,0000859737,Hologic,Health Care,True,2016-03,2026-03,2016-03-31,2026-03-31,121,True,NO_LONGER_CURRENT_CONSTITUENT_SECURITY,[],[],HOLX,EMPTY_DOWNLOAD,False,,,0,False,2515,0,0.0,False,False,False
HOT|0000316206|1|2015-10|1,HOT,0000316206,Starwood Hotels & Resorts,Consumer Discretionary,True,2015-10,2016-08,2015-10-31,2016-08-31,11,True,NO_LONGER_CURRENT_CONSTITUENT_SECURITY,[],[],HOT,,True,2015-01-02,2016-10-10,189,False,210,176,0.8380952380952381,True,False,False
HP|0000046765|1|2015-10|1,HP,0000046765,Helmerich & Payne,Energy,True,2015-10,2020-04,2015-10-31,2020-04-30,55,True,NO_LONGER_CURRENT_CONSTITUENT_SECURITY,[],[],HP,,True,2014-09-26,2020-06-09,277,True,1131,1131,1.0,True,False,True
HRB|0000012659|0|2015-10|1,HRB,0000012659,Block H&R,Financials,False,2015-10,2018-08,2015-10-31,2018-08-31,35,True,NO_LONGER_CURRENT_CONSTITUENT_SECURITY,[],[],HRB,,True,2014-09-26,2020-11-09,277,True,714,714,1.0,True,False,True
HRB|0000012659|1|2018-09|1,HRB,0000012659,H&R Block,Consumer Discretionary,True,2018-09,2020-09,2018-09-30,2020-09-30,25,True,NO_LONGER_CURRENT_CONSTITUENT_SECURITY,[],[],HRB,,True,2014-09-26,2020-11-09,275,True,504,504,1.0,True,False,True
HRS|0000202058|1|2015-10|1,HRS,0000202058,Harris Corporation,Industrials,True,2015-10,2019-06,2015-10-31,2019-06-30,45,True,TICKER_OR_SHARE_CLASS_CHANGED,['LHX'],[],HRS,EMPTY_DOWNLOAD,False,,,0,False,920,0,0.0,False,False,False
ILMN|0001110803|1|2015-11|1,ILMN,0001110803,Illumina,Health Care,True,2015-11,2024-05,2015-11-30,2024-05-31,103,True,NO_LONGER_CURRENT_CONSTITUENT_SECURITY,[],[],ILMN,,True,2014-10-27,2024-07-10,275,True,2140,2140,1.0,True,False,True
INFO|0001598014|1|2017-06|1,INFO,0001598014,IHS Markit,Industrials,True,2017-06,2022-02,2017-06-30,2022-02-28,57,True,NO_LONGER_CURRENT_CONSTITUENT_SECURITY,[],[],INFO,EMPTY_DOWNLOAD,False,,,0,False,1174,0,0.0,False,False,False
IPG|0000051644|1|2015-10|1,IPG,0000051644,Interpublic Group of Companies (The),Communication Services,True,2015-10,2025-10,2015-10-31,2025-10-31,121,True,NO_LONGER_CURRENT_CONSTITUENT_SECURITY,[],[],IPG,EMPTY_DOWNLOAD,False,,,0,False,2515,0,0.0,False,False,False
IPGP|0001111928|1|2018-03|1,IPGP,0001111928,IPG Photonics,Information Technology,True,2018-03,2022-05,2018-03-31,2022-05-31,51,True,NO_LONGER_CURRENT_CONSTITUENT_SECURITY,[],[],IPGP,,True,2017-02-24,2022-07-08,276,True,1050,1050,1.0,True,False,True
IR|0001466258|1|2015-10|1,IR,0001466258,Ingersoll-Rand PLC,Industrials,True,2015-10,2020-02,2015-10-31,2020-02-29,53,True,TICKER_OR_SHARE_CLASS_CHANGED,['TT'],['0001699150'],IR,,True,2017-05-12,2020-04-09,0,False,1088,704,0.6470588235294118,True,False,False
JCI|0000053669|1|2015-10|1,JCI,0000053669,Johnson Controls,Consumer Discretionary,True,2015-10,2016-09,2015-10-31,2016-09-30,12,True,ENTITY_CHANGED_OR_SYMBOL_REUSED,[],['0000833444'],JCI,,True,2014-09-26,2016-11-09,277,True,231,231,1.0,True,False,True
JEC|0000052988|1|2015-10|1,JEC,0000052988,Jacobs Engineering Group,Industrials,True,2015-10,2019-11,2015-10-31,2019-11-30,50,True,TICKER_OR_SHARE_CLASS_CHANGED,['J'],[],JEC,EMPTY_DOWNLOAD,False,,,0,False,1027,0,0.0,False,False,False
JEF|0000096223|0|2018-05|1,JEF,0000096223,Jefferies Financial Group,Financials,False,2018-05,2019-08,2018-05-31,2019-08-31,16,True,NO_LONGER_CURRENT_CONSTITUENT_SECURITY,[],[],JEF,,True,2017-04-26,2019-10-10,276,True,316,316,1.0,True,False,True
JKHY|0001262439|1|2018-11|1,JKHY,0001262439,Jack Henry & Associates Inc,Information Technology,True,2018-11,2019-04,2018-11-30,2019-04-30,6,True,ENTITY_CHANGED_OR_SYMBOL_REUSED,[],['0000779152'],JKHY,,True,2017-10-26,2019-06-07,276,True,102,102,1.0,True,False,True
JNPR|0001043604|1|2015-10|1,JNPR,0001043604,Juniper Networks,Information Technology,True,2015-10,2025-06,2015-10-31,2025-06-30,117,True,NO_LONGER_CURRENT_CONSTITUENT_SECURITY,[],[],JNPR,EMPTY_DOWNLOAD,False,,,0,False,2428,0,0.0,False,False,False
JWN|0000072333|1|2015-10|1,JWN,0000072333,Nordstrom,Consumer Discretionary,True,2015-10,2020-06,2015-10-31,2020-06-30,57,True,NO_LONGER_CURRENT_CONSTITUENT_SECURITY,[],[],JWN,EMPTY_DOWNLOAD,False,,,0,False,1173,0,0.0,False,False,False
K|0000055067|1|2015-10|1,K,0000055067,Kellanova,Consumer Staples,True,2015-10,2025-11,2015-10-31,2025-11-30,122,True,NO_LONGER_CURRENT_CONSTITUENT_SECURITY,[],[],K,EMPTY_DOWNLOAD,False,,,0,False,2534,0,0.0,False,False,False
KHC|0001545158|1|2015-10|1,KHC,0001545158,Kraft Heinz Co,Consumer Staples,True,2015-10,2017-03,2015-10-31,2017-03-31,18,True,ENTITY_CHANGED_OR_SYMBOL_REUSED,[],['0001637459'],KHC,,True,2015-07-06,2017-05-10,84,False,356,356,1.0,True,False,True
KMX|0001170010|1|2015-10|1,KMX,0001170010,CarMax,Consumer Discretionary,True,2015-10,2025-09,2015-10-31,2025-09-30,120,True,NO_LONGER_CURRENT_CONSTITUENT_SECURITY,[],[],KMX,,True,2014-09-26,2025-11-07,277,True,2492,2492,1.0,True,False,True
KORS|0001530721|1|2015-10|1,KORS,0001530721,Michael Kors Holdings,Consumer Discretionary,True,2015-10,2018-12,2015-10-31,2018-12-31,39,True,NO_LONGER_CURRENT_CONSTITUENT_SECURITY,[],[],KORS,EMPTY_DOWNLOAD,False,,,0,False,796,0,0.0,False,False,False
KSS|0000885639|1|2015-10|1,KSS,0000885639,Kohl's Corp.,Consumer Discretionary,True,2015-10,2020-09,2015-10-31,2020-09-30,60,True,NO_LONGER_CURRENT_CONSTITUENT_SECURITY,[],[],KSS,,True,2014-09-26,2020-11-09,277,True,1237,1237,1.0,True,False,True
KSU|0000054480|1|2015-10|1,KSU,0000054480,Kansas City Southern,Industrials,True,2015-10,2021-11,2015-10-31,2021-11-30,74,True,NO_LONGER_CURRENT_CONSTITUENT_SECURITY,[],[],KSU,EMPTY_DOWNLOAD,False,,,0,False,1531,0,0.0,False,False,False
LB|0000701985|1|2015-10|1,LB,0000701985,L Brands,Consumer Discretionary,True,2015-10,2021-07,2015-10-31,2021-07-31,70,True,NO_LONGER_CURRENT_CONSTITUENT_SECURITY,[],[],LB,EMPTY_DOWNLOAD,False,,,0,False,1446,0,0.0,False,False,False
LEG|0000058492|1|2015-10|1,LEG,0000058492,Leggett & Platt,Consumer Discretionary,True,2015-10,2021-11,2015-10-31,2021-11-30,74,True,NO_LONGER_CURRENT_CONSTITUENT_SECURITY,[],[],LEG,,True,2014-09-26,2022-01-07,277,True,1531,1531,1.0,True,False,True
LKQ|0001065696|1|2016-05|1,LKQ,0001065696,LKQ Corporation,Consumer Discretionary,True,2016-05,2025-11,2016-05-31,2025-11-30,115,True,NO_LONGER_CURRENT_CONSTITUENT_SECURITY,[],[],LKQ,,True,2015-04-27,2026-01-09,276,True,2390,2390,1.0,True,False,True
LLL|0001039101|1|2019-05|1,LLL,0001039101,L-3 Communications Holdings,Industrials,True,2019-05,2019-06,2019-05-31,2019-06-30,2,True,NO_LONGER_CURRENT_CONSTITUENT_SECURITY,[],[],LLL,EMPTY_DOWNLOAD,False,,,0,False,21,0,0.0,False,False,False
LLL|0001056239|1|2015-10|1,LLL,0001056239,L-3 Communications Holdings,Industrials,True,2015-10,2019-04,2015-10-31,2019-04-30,43,True,NO_LONGER_CURRENT_CONSTITUENT_SECURITY,[],[],LLL,EMPTY_DOWNLOAD,False,,,0,False,878,0,0.0,False,False,False
LLTC|0000791907|1|2015-10|1,LLTC,0000791907,Linear Technology Corp.,Information Technology,True,2015-10,2017-02,2015-10-31,2017-02-28,17,True,NO_LONGER_CURRENT_CONSTITUENT_SECURITY,[],[],LLTC,EMPTY_DOWNLOAD,False,,,0,False,333,0,0.0,False,False,False
LM|0000704051|0|2015-10|1,LM,0000704051,Legg Mason,Financials,False,2015-10,2016-11,2015-10-31,2016-11-30,14,True,NO_LONGER_CURRENT_CONSTITUENT_SECURITY,[],[],LM,EMPTY_DOWNLOAD,False,,,0,False,273,0,0.0,False,False,False
LNC|0000059558|0|2015-10|1,LNC,0000059558,Lincoln Financial,Financials,False,2015-10,2023-08,2015-10-31,2023-08-31,95,True,NO_LONGER_CURRENT_CONSTITUENT_SECURITY,[],[],LNC,,True,2014-09-26,2023-10-10,277,True,1971,1971,1.0,True,False,True
LUK|0000096223|0|2015-10|1,LUK,0000096223,Leucadia National Corp.,Financials,False,2015-10,2018-04,2015-10-31,2018-04-30,31,True,NO_LONGER_CURRENT_CONSTITUENT_SECURITY,[],[],LUK,EMPTY_DOWNLOAD,False,,,0,False,627,0,0.0,False,False,False
LUMN|0000018926|1|2020-09|1,LUMN,0000018926,Lumen Technologies,Communication Services,True,2020-09,2023-02,2020-09-30,2023-02-28,30,True,NO_LONGER_CURRENT_CONSTITUENT_SECURITY,[],[],LUMN,,True,2019-08-27,2023-04-06,276,True,607,607,1.0,True,False,True
LVLT|0000794323|1|2015-10|1,LVLT,0000794323,Level 3 Communications,Telecommunication Services,True,2015-10,2017-09,2015-10-31,2017-09-30,24,True,NO_LONGER_CURRENT_CONSTITUENT_SECURITY,[],[],LVLT,EMPTY_DOWNLOAD,False,,,0,False,482,0,0.0,False,False,False
LW|0001679273|1|2018-12|1,LW,0001679273,Lamb Weston,Consumer Staples,True,2018-12,2026-02,2018-12-31,2026-02-28,87,True,NO_LONGER_CURRENT_CONSTITUENT_SECURITY,[],[],LW,,True,2017-11-27,2026-04-09,274,True,1800,1800,1.0,True,False,True
M|0000794367|1|2015-10|1,M,0000794367,Macy's Inc.,Consumer Discretionary,True,2015-10,2020-03,2015-10-31,2020-03-31,54,True,NO_LONGER_CURRENT_CONSTITUENT_SECURITY,[],[],M,,True,2014-09-26,2020-05-08,277,True,1110,1110,1.0,True,False,True
MAC|0000912242|0|2015-10|1,MAC,0000912242,Macerich,Real Estate,False,2015-10,2019-11,2015-10-31,2019-11-30,50,True,NO_LONGER_CURRENT_CONSTITUENT_SECURITY,[],[],MAC,,True,2014-09-26,2020-01-09,277,True,1027,1027,1.0,True,False,True
MAT|0000063276|1|2015-10|1,MAT,0000063276,Mattel Inc.,Consumer Discretionary,True,2015-10,2019-05,2015-10-31,2019-05-31,44,True,NO_LONGER_CURRENT_CONSTITUENT_SECURITY,[],[],MAT,,True,2014-09-26,2019-07-10,277,True,900,900,1.0,True,False,True
MDT|0000064670|1|2015-10|1,MDT,0000064670,Medtronic plc,Health Care,True,2015-10,2019-04,2015-10-31,2019-04-30,43,True,ENTITY_CHANGED_OR_SYMBOL_REUSED,[],['0001613103'],MDT,,True,2014-09-26,2019-06-07,277,True,878,878,1.0,True,False,True
MHFI|0000064040|0|2015-10|1,MHFI,0000064040,McGraw Hill Financial,Financials,False,2015-10,2016-04,2015-10-31,2016-04-30,7,True,TICKER_OR_SHARE_CLASS_CHANGED,['SPGI'],[],MHFI,EMPTY_DOWNLOAD,False,,,0,False,124,0,0.0,False,False,False
MHK|0000851968|1|2015-10|1,MHK,0000851968,Mohawk Industries,Consumer Discretionary,True,2015-10,2025-11,2015-10-31,2025-11-30,122,True,NO_LONGER_CURRENT_CONSTITUENT_SECURITY,[],[],MHK,,True,2014-09-26,2026-01-09,277,True,2534,2534,1.0,True,False,True
MJN|0001452575|1|2015-10|1,MJN,0001452575,Mead Johnson,Consumer Staples,True,2015-10,2017-05,2015-10-31,2017-05-31,20,True,NO_LONGER_CURRENT_CONSTITUENT_SECURITY,[],[],MJN,EMPTY_DOWNLOAD,False,,,0,False,397,0,0.0,False,False,False
MKTX|0001278021|0|2019-07|1,MKTX,0001278021,MarketAxess,Financials,False,2019-07,2025-08,2019-07-31,2025-08-31,74,True,NO_LONGER_CURRENT_CONSTITUENT_SECURITY,[],[],MKTX,,True,2018-06-26,2025-10-10,275,True,1530,1530,1.0,True,False,True
MMC|0000062709|0|2015-10|1,MMC,0000062709,Marsh McLennan,Financials,False,2015-10,2025-12,2015-10-31,2025-12-31,123,True,TICKER_OR_SHARE_CLASS_CHANGED,['MRSH'],[],MMC,EMPTY_DOWNLOAD,False,,,0,False,2556,0,0.0,False,False,False
MNK|0001567892|1|2015-10|1,MNK,0001567892,Mallinckrodt Plc,Health Care,True,2015-10,2017-06,2015-10-31,2017-06-30,21,True,NO_LONGER_CURRENT_CONSTITUENT_SECURITY,[],[],MNK,EMPTY_DOWNLOAD,False,,,0,False,419,0,0.0,False,False,False
MOH|0001179929|1|2022-03|1,MOH,0001179929,Molina Healthcare,Health Care,True,2022-03,2026-02,2022-03-31,2026-02-28,48,True,NO_LONGER_CURRENT_CONSTITUENT_SECURITY,[],[],MOH,,True,2021-02-24,2026-04-09,278,True,981,981,1.0,True,False,True
MON|0001110783|1|2015-10|1,MON,0001110783,Monsanto Co.,Materials,True,2015-10,2018-05,2015-10-31,2018-05-31,32,True,NO_LONGER_CURRENT_CONSTITUENT_SECURITY,[],[],MON,EMPTY_DOWNLOAD,False,,,0,False,649,0,0.0,False,False,False
MRO|0000101778|1|2015-10|1,MRO,0000101778,Marathon Oil,Energy,True,2015-10,2024-10,2015-10-31,2024-10-31,109,True,NO_LONGER_CURRENT_CONSTITUENT_SECURITY,[],[],MRO,EMPTY_DOWNLOAD,False,,,0,False,2265,0,0.0,False,False,False
MTCH|0000891103|1|2021-09|1,MTCH,0000891103,Match Group,Communication Services,True,2021-09,2026-02,2021-09-30,2026-02-28,54,True,NO_LONGER_CURRENT_CONSTITUENT_SECURITY,[],[],MTCH,,True,2020-08-26,2026-04-09,276,True,1107,1107,1.0,True,False,True
MUR|0000717423|1|2015-10|1,MUR,0000717423,Murphy Oil,Energy,True,2015-10,2017-06,2015-10-31,2017-06-30,21,True,NO_LONGER_CURRENT_CONSTITUENT_SECURITY,[],[],MUR,,True,2014-09-26,2017-08-09,277,True,419,419,1.0,True,False,True
MXIM|0000743316|1|2018-12|1,MXIM,0000743316,Maxim Integrated,Information Technology,True,2018-12,2021-07,2018-12-31,2021-07-31,32,True,NO_LONGER_CURRENT_CONSTITUENT_SECURITY,[],[],MXIM,EMPTY_DOWNLOAD,False,,,0,False,651,0,0.0,False,False,False
MYL|0000069499|1|2015-10|1,MYL,0000069499,Mylan N.V.,Health Care,True,2015-10,2019-04,2015-10-31,2019-04-30,43,True,NO_LONGER_CURRENT_CONSTITUENT_SECURITY,[],[],MYL,EMPTY_DOWNLOAD,False,,,0,False,878,0,0.0,False,False,False
MYL|0001623613|1|2019-05|1,MYL,0001623613,Mylan N.V.,Health Care,True,2019-05,2020-10,2019-05-31,2020-10-31,18,True,NO_LONGER_CURRENT_CONSTITUENT_SECURITY,[],[],MYL,EMPTY_DOWNLOAD,False,,,0,False,360,0,0.0,False,False,False
NAVI|0001593538|0|2015-10|1,NAVI,0001593538,Navient,Financials,False,2015-10,2018-05,2015-10-31,2018-05-31,32,True,NO_LONGER_CURRENT_CONSTITUENT_SECURITY,[],[],NAVI,,True,2014-09-26,2018-07-10,277,True,649,649,1.0,True,False,True
NBL|0000072207|1|2015-10|1,NBL,0000072207,Noble Energy,Energy,True,2015-10,2020-09,2015-10-31,2020-09-30,60,True,NO_LONGER_CURRENT_CONSTITUENT_SECURITY,[],[],NBL,EMPTY_DOWNLOAD,False,,,0,False,1237,0,0.0,False,False,False
NFX|0000912750|1|2015-10|1,NFX,0000912750,Newfield Exploration Co,Energy,True,2015-10,2019-01,2015-10-31,2019-01-31,40,True,NO_LONGER_CURRENT_CONSTITUENT_SECURITY,[],[],NFX,EMPTY_DOWNLOAD,False,,,0,False,817,0,0.0,False,False,False
NKTR|0000906709|1|2018-03|1,NKTR,0000906709,Nektar Therapeutics,Health Care,True,2018-03,2019-09,2018-03-31,2019-09-30,19,True,NO_LONGER_CURRENT_CONSTITUENT_SECURITY,[],[],NKTR,,True,2017-02-24,2019-11-08,276,True,378,378,1.0,True,False,True
NLOK|0000849399|1|2019-11|1,NLOK,0000849399,NortonLifeLock,Information Technology,True,2019-11,2022-10,2019-11-30,2022-10-31,36,True,TICKER_OR_SHARE_CLASS_CHANGED,['GEN'],[],NLOK,EMPTY_DOWNLOAD,False,,,0,False,735,0,0.0,False,False,False
NLSN|0001492633|1|2015-10|1,NLSN,0001492633,Nielsen Holdings,Industrials,True,2015-10,2022-09,2015-10-31,2022-09-30,84,True,NO_LONGER_CURRENT_CONSTITUENT_SECURITY,[],[],NLSN,EMPTY_DOWNLOAD,False,,,0,False,1741,0,0.0,False,False,False
NOV|0001021860|1|2015-10|1,NOV,0001021860,Nov,Energy,True,2015-10,2021-08,2015-10-31,2021-08-31,71,True,NO_LONGER_CURRENT_CONSTITUENT_SECURITY,[],[],NOV,,True,2014-09-26,2021-10-08,277,True,1468,1468,1.0,True,False,True
NWL|0000814453|1|2015-10|1,NWL,0000814453,Newell Brands,Consumer Discretionary,True,2015-10,2023-08,2015-10-31,2023-08-31,95,True,NO_LONGER_CURRENT_CONSTITUENT_SECURITY,[],[],NWL,,True,2014-09-26,2023-10-10,277,True,1971,1971,1.0,True,False,True
OGN|0001821825|1|2021-06|1,OGN,0001821825,Organon & Co.,Health Care,True,2021-06,2023-09,2021-06-30,2023-09-30,28,True,NO_LONGER_CURRENT_CONSTITUENT_SECURITY,[],[],OGN,,True,2021-05-14,2023-11-09,32,False,567,567,1.0,True,False,True
OI|0000812074|1|2015-10|1,OI,0000812074,Owens-Illinois Inc,Materials,True,2015-10,2016-11,2015-10-31,2016-11-30,14,True,NO_LONGER_CURRENT_CONSTITUENT_SECURITY,[],[],OI,,True,2014-09-26,2017-01-09,277,True,273,273,1.0,True,False,True
PARA|0000813828|1|2022-02|1,PARA,0000813828,Paramount Global,Communication Services,True,2022-02,2025-07,2022-02-28,2025-07-31,42,True,NO_LONGER_CURRENT_CONSTITUENT_SECURITY,[],[],PARA,EMPTY_DOWNLOAD,False,,,0,False,859,0,0.0,False,False,False
PAYC|0001590955|1|2020-01|1,PAYC,0001590955,Paycom,Industrials,True,2020-01,2026-02,2020-01-31,2026-02-28,74,True,NO_LONGER_CURRENT_CONSTITUENT_SECURITY,[],[],PAYC,,True,2018-12-27,2026-04-09,275,True,1527,1527,1.0,True,False,True
PBCT|0001378946|0|2015-10|1,PBCT,0001378946,People's United Financial,Financials,False,2015-10,2022-03,2015-10-31,2022-03-31,78,True,NO_LONGER_CURRENT_CONSTITUENT_SECURITY,[],[],PBCT,EMPTY_DOWNLOAD,False,,,0,False,1615,0,0.0,False,False,False
PBI|0000078814|1|2015-10|1,PBI,0000078814,Pitney-Bowes,Industrials,True,2015-10,2017-01,2015-10-31,2017-01-31,16,True,NO_LONGER_CURRENT_CONSTITUENT_SECURITY,[],[],PBI,,True,2014-09-26,2017-03-10,277,True,314,314,1.0,True,False,True
PCL|0000849213|0|2015-10|1,PCL,0000849213,Plum Creek Timber Co.,Financials,False,2015-10,2016-01,2015-10-31,2016-01-31,4,True,NO_LONGER_CURRENT_CONSTITUENT_SECURITY,[],[],PCL,EMPTY_DOWNLOAD,False,,,0,False,61,0,0.0,False,False,False
PCLN|0001075531|1|2015-10|1,PCLN,0001075531,Priceline.com Inc,Consumer Discretionary,True,2015-10,2018-01,2015-10-31,2018-01-31,28,True,TICKER_OR_SHARE_CLASS_CHANGED,['BKNG'],[],PCLN,EMPTY_DOWNLOAD,False,,,0,False,566,0,0.0,False,False,False
PCP|0000079958|1|2015-10|1,PCP,0000079958,Precision Castparts,Industrials,True,2015-10,2015-12,2015-10-31,2015-12-31,3,True,NO_LONGER_CURRENT_CONSTITUENT_SECURITY,[],[],PCP,EMPTY_DOWNLOAD,False,,,0,False,42,0,0.0,False,False,False
PDCO|0000891024|1|2015-10|1,PDCO,0000891024,Patterson Companies,Health Care,True,2015-10,2018-02,2015-10-31,2018-02-28,29,True,NO_LONGER_CURRENT_CONSTITUENT_SECURITY,[],[],PDCO,EMPTY_DOWNLOAD,False,,,0,False,585,0,0.0,False,False,False
PEAK|0000765880|0|2019-11|1,PEAK,0000765880,Healthpeak,Real Estate,False,2019-11,2024-02,2019-11-30,2024-02-29,52,True,TICKER_OR_SHARE_CLASS_CHANGED,['DOC'],[],PEAK,EMPTY_DOWNLOAD,False,,,0,False,1068,0,0.0,False,False,False
PENN|0000921738|1|2021-03|1,PENN,0000921738,Penn Entertainment,Consumer Discretionary,True,2021-03,2022-08,2021-03-31,2022-08-31,18,True,NO_LONGER_CURRENT_CONSTITUENT_SECURITY,[],[],PENN,,True,2020-02-25,2022-10-10,277,True,359,359,1.0,True,False,True
PKI|0000031791|1|2015-10|1,PKI,0000031791,PerkinElmer,Health Care,True,2015-10,2023-04,2015-10-31,2023-04-30,91,True,TICKER_OR_SHARE_CLASS_CHANGED,['RVTY'],[],PKI,EMPTY_DOWNLOAD,False,,,0,False,1885,0,0.0,False,False,False
POM|0001135971|0|2015-10|1,POM,0001135971,Pepco Holdings Inc.,Utilities,False,2015-10,2016-02,2015-10-31,2016-02-29,5,True,NO_LONGER_CURRENT_CONSTITUENT_SECURITY,[],[],POM,EMPTY_DOWNLOAD,False,,,0,False,81,0,0.0,False,False,False
POOL|0000945841|1|2020-10|1,POOL,0000945841,Pool Corporation,Consumer Discretionary,True,2020-10,2026-05,2020-10-31,2026-05-31,68,True,NO_LONGER_CURRENT_CONSTITUENT_SECURITY,[],[],POOL,,True,2019-09-27,2026-07-10,277,True,1399,1399,1.0,True,False,True
PRGO|0001585364|1|2015-10|1,PRGO,0001585364,Perrigo,Health Care,True,2015-10,2021-08,2015-10-31,2021-08-31,71,True,NO_LONGER_CURRENT_CONSTITUENT_SECURITY,[],[],PRGO,,True,2014-09-26,2021-10-08,277,True,1468,1468,1.0,True,False,True
PVH|0000078239|1|2015-10|1,PVH,0000078239,PVH,Consumer Discretionary,True,2015-10,2022-08,2015-10-31,2022-08-31,83,True,NO_LONGER_CURRENT_CONSTITUENT_SECURITY,[],[],PVH,,True,2014-09-26,2022-10-10,277,True,1720,1720,1.0,True,False,True
PX|0000884905|1|2015-10|1,PX,0000884905,Praxair Inc.,Materials,True,2015-10,2018-10,2015-10-31,2018-10-31,37,True,NO_LONGER_CURRENT_CONSTITUENT_SECURITY,[],[],PX,EMPTY_DOWNLOAD,False,,,0,False,756,0,0.0,False,False,False
PXD|0001038357|1|2015-10|1,PXD,0001038357,Pioneer Natural Resources,Energy,True,2015-10,2024-04,2015-10-31,2024-04-30,103,True,NO_LONGER_CURRENT_CONSTITUENT_SECURITY,[],[],PXD,EMPTY_DOWNLOAD,False,,,0,False,2137,0,0.0,False,False,False
Q|0001478242|1|2017-08|1,Q,0001478242,"Quintiles IMS Holdings, Inc",Health Care,True,2017-08,2017-10,2017-08-31,2017-10-31,3,True,TICKER_OR_SHARE_CLASS_CHANGED,['IQV'],['0002058873'],Q,EMPTY_DOWNLOAD,False,,,0,False,43,0,0.0,False,False,False
QRVO|0001604778|1|2015-10|1,QRVO,0001604778,Qorvo,Information Technology,True,2015-10,2024-11,2015-10-31,2024-11-30,110,True,NO_LONGER_CURRENT_CONSTITUENT_SECURITY,[],[],QRVO,,True,2015-01-02,2025-01-08,210,False,2285,2285,1.0,True,False,True
R|0000085961|1|2015-10|1,R,0000085961,Ryder System,Industrials,True,2015-10,2017-05,2015-10-31,2017-05-31,20,True,NO_LONGER_CURRENT_CONSTITUENT_SECURITY,[],[],R,,True,2014-09-26,2017-07-10,277,True,397,397,1.0,True,False,True
RAI|0001275283|1|2015-10|1,RAI,0001275283,Reynolds American Inc.,Consumer Staples,True,2015-10,2017-06,2015-10-31,2017-06-30,21,True,NO_LONGER_CURRENT_CONSTITUENT_SECURITY,[],[],RAI,EMPTY_DOWNLOAD,False,,,0,False,419,0,0.0,False,False,False
RE|0001095073|0|2017-06|1,RE,0001095073,Everest Re,Financials,False,2017-06,2023-06,2017-06-30,2023-06-30,73,True,TICKER_OR_SHARE_CLASS_CHANGED,['EG'],[],RE,EMPTY_DOWNLOAD,False,,,0,False,1510,0,0.0,False,False,False
RHI|0000315213|1|2015-10|1,RHI,0000315213,Robert Half,Industrials,True,2015-10,2024-05,2015-10-31,2024-05-31,104,True,NO_LONGER_CURRENT_CONSTITUENT_SECURITY,[],[],RHI,,True,2014-09-26,2024-07-10,277,True,2159,2159,1.0,True,False,True
RHT|0001087423|1|2015-10|1,RHT,0001087423,Red Hat Inc.,Information Technology,True,2015-10,2019-06,2015-10-31,2019-06-30,45,True,NO_LONGER_CURRENT_CONSTITUENT_SECURITY,[],[],RHT,EMPTY_DOWNLOAD,False,,,0,False,920,0,0.0,False,False,False
RIG|0001451505|1|2015-10|1,RIG,0001451505,Transocean,Energy,True,2015-10,2017-06,2015-10-31,2017-06-30,21,True,NO_LONGER_CURRENT_CONSTITUENT_SECURITY,[],[],RIG,,True,2014-09-26,2017-08-09,277,True,419,419,1.0,True,False,True
RRC|0000315852|1|2015-10|1,RRC,0000315852,Range Resources Corp.,Energy,True,2015-10,2018-05,2015-10-31,2018-05-31,32,True,NO_LONGER_CURRENT_CONSTITUENT_SECURITY,[],[],RRC,,True,2014-09-26,2018-07-10,277,True,649,649,1.0,True,False,True
RTN|0001047122|1|2015-10|1,RTN,0001047122,Raytheon Co.,Industrials,True,2015-10,2020-03,2015-10-31,2020-03-31,54,True,NO_LONGER_CURRENT_CONSTITUENT_SECURITY,[],[],RTN,EMPTY_DOWNLOAD,False,,,0,False,1110,0,0.0,False,False,False
SATS|0001415404|1|2026-03|1,SATS,0001415404,EchoStar,Communication Services,True,2026-03,2026-05,2026-03-31,2026-05-31,3,True,TICKER_OR_SHARE_CLASS_CHANGED,['ECHO'],[],SATS,EMPTY_DOWNLOAD,False,,,0,False,42,0,0.0,False,False,False
SBNY|0001288784|0|2021-12|1,SBNY,0001288784,Signature Bank,Financials,False,2021-12,2023-02,2021-12-31,2023-02-28,15,True,NO_LONGER_CURRENT_CONSTITUENT_SECURITY,[],[],SBNY,EMPTY_DOWNLOAD,False,,,0,False,291,0,0.0,False,False,False
SCG|0000754737|0|2015-10|1,SCG,0000754737,SCANA Corp,Utilities,False,2015-10,2018-12,2015-10-31,2018-12-31,39,True,NO_LONGER_CURRENT_CONSTITUENT_SECURITY,[],[],SCG,,True,2015-07-16,2018-12-31,76,False,796,796,1.0,True,False,True
SE|0001373835|1|2015-10|1,SE,0001373835,Spectra Energy Corp.,Energy,True,2015-10,2017-01,2015-10-31,2017-01-31,16,True,NO_LONGER_CURRENT_CONSTITUENT_SECURITY,[],[],SE,EMPTY_DOWNLOAD,False,,,0,False,314,0,0.0,False,False,False
SEDG|0001419612|1|2021-12|1,SEDG,0001419612,SolarEdge,Information Technology,True,2021-12,2023-11,2021-12-31,2023-11-30,24,True,NO_LONGER_CURRENT_CONSTITUENT_SECURITY,[],[],SEDG,,True,2020-11-27,2024-01-09,275,True,482,482,1.0,True,False,True
SEE|0001012100|1|2015-10|1,SEE,0001012100,Sealed Air,Materials,True,2015-10,2023-11,2015-10-31,2023-11-30,98,True,NO_LONGER_CURRENT_CONSTITUENT_SECURITY,[],[],SEE,EMPTY_DOWNLOAD,False,,,0,False,2034,0,0.0,False,False,False
SIAL|0000090185|1|2015-10|1,SIAL,0000090185,Sigma-Aldrich,Materials,True,2015-10,2015-10,2015-10-31,2015-10-31,1,True,NO_LONGER_CURRENT_CONSTITUENT_SECURITY,[],[],SIAL,EMPTY_DOWNLOAD,False,,,0,False,0,0,0.0,False,True,False
SIG|0000832988|1|2015-10|1,SIG,0000832988,Signet Jewelers,Consumer Discretionary,True,2015-10,2018-02,2015-10-31,2018-02-28,29,True,NO_LONGER_CURRENT_CONSTITUENT_SECURITY,[],[],SIG,,True,2014-09-26,2018-04-09,277,True,585,585,1.0,True,False,True
SIVB|0000719739|0|2018-03|1,SIVB,0000719739,SVB Financial,Financials,False,2018-03,2023-02,2018-03-31,2023-02-28,60,True,NO_LONGER_CURRENT_CONSTITUENT_SECURITY,[],[],SIVB,EMPTY_DOWNLOAD,False,,,0,False,1237,0,0.0,False,False,False
SLG|0001040971|0|2015-10|1,SLG,0001040971,SL Green Realty,Real Estate,False,2015-10,2021-02,2015-10-31,2021-02-28,65,True,NO_LONGER_CURRENT_CONSTITUENT_SECURITY,[],[],SLG,,True,2014-09-26,2021-04-09,277,True,1339,1339,1.0,True,False,True
SNDK|0001000180|1|2015-10|1,SNDK,0001000180,SanDisk Corporation,Information Technology,True,2015-10,2016-04,2015-10-31,2016-04-30,7,True,ENTITY_CHANGED_OR_SYMBOL_REUSED,[],['0002023554'],SNDK,EMPTY_DOWNLOAD,False,,,0,False,124,0,0.0,False,False,False
SNI|0001430602|1|2015-10|1,SNI,0001430602,Scripps Networks Interactive Inc.,Consumer Discretionary,True,2015-10,2018-02,2015-10-31,2018-02-28,29,True,NO_LONGER_CURRENT_CONSTITUENT_SECURITY,[],[],SNI,EMPTY_DOWNLOAD,False,,,0,False,585,0,0.0,False,False,False
SOLS|0002064953|1|2025-11|1,SOLS,0002064953,Solstice Advanced Materials,Materials,True,2025-11,2025-12,2025-11-30,2025-12-31,2,True,NO_LONGER_CURRENT_CONSTITUENT_SECURITY,[],[],SOLS,,True,2025-10-20,2026-02-09,29,False,22,22,1.0,True,False,True
SPLS|0000791519|1|2015-10|1,SPLS,0000791519,Staples Inc.,Consumer Discretionary,True,2015-10,2017-08,2015-10-31,2017-08-31,23,True,NO_LONGER_CURRENT_CONSTITUENT_SECURITY,[],[],SPLS,EMPTY_DOWNLOAD,False,,,0,False,462,0,0.0,False,False,False
SRCL|0000861878|1|2015-10|1,SRCL,0000861878,Stericycle Inc,Industrials,True,2015-10,2018-11,2015-10-31,2018-11-30,38,True,NO_LONGER_CURRENT_CONSTITUENT_SECURITY,[],[],SRCL,EMPTY_DOWNLOAD,False,,,0,False,777,0,0.0,False,False,False
STI|0000750556|0|2015-10|1,STI,0000750556,SunTrust Banks,Financials,False,2015-10,2019-11,2015-10-31,2019-11-30,50,True,NO_LONGER_CURRENT_CONSTITUENT_SECURITY,[],[],STI,EMPTY_DOWNLOAD,False,,,0,False,1027,0,0.0,False,False,False
STJ|0000203077|1|2015-10|1,STJ,0000203077,St Jude Medical,Health Care,True,2015-10,2016-12,2015-10-31,2016-12-31,15,True,NO_LONGER_CURRENT_CONSTITUENT_SECURITY,[],[],STJ,EMPTY_DOWNLOAD,False,,,0,False,294,0,0.0,False,False,False
SWN|0000007332|1|2015-10|1,SWN,0000007332,Southwestern Energy,Energy,True,2015-10,2017-03,2015-10-31,2017-03-31,18,True,NO_LONGER_CURRENT_CONSTITUENT_SECURITY,[],[],SWN,EMPTY_DOWNLOAD,False,,,0,False,356,0,0.0,False,False,False
SYMC|0000849399|1|2015-10|1,SYMC,0000849399,Symantec Corp.,Information Technology,True,2015-10,2019-10,2015-10-31,2019-10-31,49,True,TICKER_OR_SHARE_CLASS_CHANGED,['GEN'],[],SYMC,EMPTY_DOWNLOAD,False,,,0,False,1007,0,0.0,False,False,False
TDC|0000816761|1|2015-10|1,TDC,0000816761,Teradata Corp.,Information Technology,True,2015-10,2017-05,2015-10-31,2017-05-31,20,True,NO_LONGER_CURRENT_CONSTITUENT_SECURITY,[],[],TDC,,True,2014-09-26,2017-07-10,277,True,397,397,1.0,True,False,True
TE|0000350563|0|2015-10|1,TE,0000350563,TECO Energy,Utilities,False,2015-10,2016-06,2015-10-31,2016-06-30,9,True,NO_LONGER_CURRENT_CONSTITUENT_SECURITY,[],[],TE,EMPTY_DOWNLOAD,False,,,0,False,167,0,0.0,False,False,False
TFX|0000096943|1|2019-01|1,TFX,0000096943,Teleflex,Health Care,True,2019-01,2025-02,2019-01-31,2025-02-28,74,True,NO_LONGER_CURRENT_CONSTITUENT_SECURITY,[],[],TFX,,True,2017-12-27,2025-04-09,274,True,1529,1529,1.0,True,False,True
TGNA|0000039899|1|2015-10|1,TGNA,0000039899,"Tegna, Inc.",Consumer Discretionary,True,2015-10,2017-05,2015-10-31,2017-05-31,20,True,NO_LONGER_CURRENT_CONSTITUENT_SECURITY,[],[],TGNA,EMPTY_DOWNLOAD,False,,,0,False,397,0,0.0,False,False,False
THC|0000070318|1|2015-10|1,THC,0000070318,Tenet Healthcare Corp.,Health Care,True,2015-10,2016-03,2015-10-31,2016-03-31,6,True,NO_LONGER_CURRENT_CONSTITUENT_SECURITY,[],[],THC,,True,2014-09-26,2016-05-10,277,True,103,103,1.0,True,False,True
TIF|0000098246|1|2015-10|1,TIF,0000098246,Tiffany & Co.,Consumer Discretionary,True,2015-10,2020-12,2015-10-31,2020-12-31,63,True,NO_LONGER_CURRENT_CONSTITUENT_SECURITY,[],[],TIF,EMPTY_DOWNLOAD,False,,,0,False,1301,0,0.0,False,False,False
TMK|0000320335|0|2015-10|1,TMK,0000320335,Torchmark Corp.,Financials,False,2015-10,2019-07,2015-10-31,2019-07-31,46,True,TICKER_OR_SHARE_CLASS_CHANGED,['GL'],[],TMK,EMPTY_DOWNLOAD,False,,,0,False,942,0,0.0,False,False,False
TRIP|0001526520|1|2015-10|1,TRIP,0001526520,TripAdvisor,Communication Services,True,2015-10,2019-11,2015-10-31,2019-11-30,50,True,NO_LONGER_CURRENT_CONSTITUENT_SECURITY,[],[],TRIP,,True,2014-09-26,2020-01-09,277,True,1027,1027,1.0,True,False,True
TSO|0000050104|1|2015-10|1,TSO,0000050104,Tesoro Petroleum Co.,Energy,True,2015-10,2017-07,2015-10-31,2017-07-31,22,True,NO_LONGER_CURRENT_CONSTITUENT_SECURITY,[],[],TSO,EMPTY_DOWNLOAD,False,,,0,False,439,0,0.0,False,False,False
TSS|0000721683|1|2015-10|1,TSS,0000721683,Total System Services,Information Technology,True,2015-10,2019-08,2015-10-31,2019-08-31,47,True,NO_LONGER_CURRENT_CONSTITUENT_SECURITY,[],[],TSS,EMPTY_DOWNLOAD,False,,,0,False,964,0,0.0,False,False,False
TWC|0001377013|1|2015-10|1,TWC,0001377013,Time Warner Cable Inc.,Consumer Discretionary,True,2015-10,2016-04,2015-10-31,2016-04-30,7,True,NO_LONGER_CURRENT_CONSTITUENT_SECURITY,[],[],TWC,EMPTY_DOWNLOAD,False,,,0,False,124,0,0.0,False,False,False
TWTR|0001418091|1|2018-06|1,TWTR,0001418091,Twitter Inc.,Communication Services,True,2018-06,2022-09,2018-06-30,2022-09-30,52,True,NO_LONGER_CURRENT_CONSTITUENT_SECURITY,[],[],TWTR,EMPTY_DOWNLOAD,False,,,0,False,1071,0,0.0,False,False,False
TWX|0001105705|1|2015-10|1,TWX,0001105705,Time Warner Inc.,Consumer Discretionary,True,2015-10,2018-05,2015-10-31,2018-05-31,32,True,NO_LONGER_CURRENT_CONSTITUENT_SECURITY,[],[],TWX,,True,2014-09-26,2018-06-15,277,True,649,648,0.9984591679506933,True,False,True
TYC|0000833444|1|2015-10|1,TYC,0000833444,Tyco International,Industrials,True,2015-10,2016-08,2015-10-31,2016-08-31,11,True,TICKER_OR_SHARE_CLASS_CHANGED,['JCI'],[],TYC,EMPTY_DOWNLOAD,False,,,0,False,210,0,0.0,False,False,False
UA|0001336917|1|2015-10|1,UA,0001336917,Under Armour (Class C),Consumer Discretionary,True,2015-10,2022-05,2015-10-31,2022-05-31,80,True,NO_LONGER_CURRENT_CONSTITUENT_SECURITY,[],[],UA,,True,2016-03-23,2022-07-08,0,False,1656,1559,0.9414251207729468,True,False,False
UA-C|0001336917|1|2016-08|1,UA-C,0001336917,Under Armour,Consumer Discretionary,True,2016-08,2016-08,2016-08-31,2016-08-31,1,True,NO_LONGER_CURRENT_CONSTITUENT_SECURITY,[],[],UA-C,EMPTY_DOWNLOAD,False,,,0,False,1,0,0.0,False,True,False
UA.C|0001336917|1|2016-09|1,UA.C,0001336917,Under Armour,Consumer Discretionary,True,2016-09,2016-11,2016-09-30,2016-11-30,3,True,NO_LONGER_CURRENT_CONSTITUENT_SECURITY,[],[],UA-C,EMPTY_DOWNLOAD,False,,,0,False,43,0,0.0,False,False,False
UAA|0001336917|1|2016-12|1,UAA,0001336917,Under Armour (Class A),Consumer Discretionary,True,2016-12,2022-05,2016-12-31,2022-05-31,66,True,NO_LONGER_CURRENT_CONSTITUENT_SECURITY,[],[],UAA,,True,2015-11-27,2022-07-08,276,True,1362,1362,1.0,True,False,True
UNM|0000005513|0|2015-10|1,UNM,0000005513,Unum Group,Financials,False,2015-10,2021-08,2015-10-31,2021-08-31,71,True,NO_LONGER_CURRENT_CONSTITUENT_SECURITY,[],[],UNM,,True,2014-09-26,2021-10-08,277,True,1468,1468,1.0,True,False,True
URBN|0000912615|1|2015-10|1,URBN,0000912615,Urban Outfitters,Consumer Discretionary,True,2015-10,2017-02,2015-10-31,2017-02-28,17,True,NO_LONGER_CURRENT_CONSTITUENT_SECURITY,[],[],URBN,,True,2014-09-26,2017-04-07,277,True,333,333,1.0,True,False,True
UTX|0000101829|1|2015-10|1,UTX,0000101829,United Technologies,Industrials,True,2015-10,2020-03,2015-10-31,2020-03-31,54,True,TICKER_OR_SHARE_CLASS_CHANGED,['RTX'],[],UTX,EMPTY_DOWNLOAD,False,,,0,False,1110,0,0.0,False,False,False
VAR|0000203527|1|2015-10|1,VAR,0000203527,Varian Medical Systems,Health Care,True,2015-10,2021-03,2015-10-31,2021-03-31,66,True,NO_LONGER_CURRENT_CONSTITUENT_SECURITY,[],[],VAR,EMPTY_DOWNLOAD,False,,,0,False,1362,0,0.0,False,False,False
VFC|0000103379|1|2015-10|1,VFC,0000103379,VF Corporation,Consumer Discretionary,True,2015-10,2024-03,2015-10-31,2024-03-31,102,True,NO_LONGER_CURRENT_CONSTITUENT_SECURITY,[],[],VFC,,True,2014-09-26,2024-05-10,277,True,2115,2115,1.0,True,False,True
VIAB|0001339947|1|2015-10|1,VIAB,0001339947,Viacom Inc.,Communication Services,True,2015-10,2019-11,2015-10-31,2019-11-30,50,True,NO_LONGER_CURRENT_CONSTITUENT_SECURITY,[],[],VIAB,EMPTY_DOWNLOAD,False,,,0,False,1027,0,0.0,False,False,False
VIAC|0000813828|1|2020-09|1,VIAC,0000813828,ViacomCBS,Communication Services,True,2020-09,2022-01,2020-09-30,2022-01-31,17,True,NO_LONGER_CURRENT_CONSTITUENT_SECURITY,[],[],VIAC,EMPTY_DOWNLOAD,False,,,0,False,337,0,0.0,False,False,False
VIAC|0001339947|1|2019-12|1,VIAC,0001339947,ViacomCBS,Communication Services,True,2019-12,2020-08,2019-12-31,2020-08-31,9,True,NO_LONGER_CURRENT_CONSTITUENT_SECURITY,[],[],VIAC,EMPTY_DOWNLOAD,False,,,0,False,169,0,0.0,False,False,False
VNO|0000899689|0|2015-10|1,VNO,0000899689,Vornado Realty Trust,Real Estate,False,2015-10,2022-12,2015-10-31,2022-12-31,87,True,NO_LONGER_CURRENT_CONSTITUENT_SECURITY,[],[],VNO,,True,2014-09-26,2023-02-09,277,True,1804,1804,1.0,True,False,True
VNT|0001786842|1|2020-10|1,VNT,0001786842,Vontier,Information Technology,True,2020-10,2021-02,2020-10-31,2021-02-28,5,True,NO_LONGER_CURRENT_CONSTITUENT_SECURITY,[],[],VNT,,True,2020-09-24,2021-04-09,27,False,80,80,1.0,True,False,True
WBA|0000104207|1|2015-10|1,WBA,0000104207,Walgreens Boots Alliance,Consumer Staples,True,2015-10,2016-01,2015-10-31,2016-01-31,4,True,NO_LONGER_CURRENT_CONSTITUENT_SECURITY,[],[],WBA,EMPTY_DOWNLOAD,False,,,0,False,61,0,0.0,False,False,False
WBA|0001618921|1|2016-02|1,WBA,0001618921,Walgreens Boots Alliance,Consumer Staples,True,2016-02,2025-07,2016-02-29,2025-07-31,114,True,NO_LONGER_CURRENT_CONSTITUENT_SECURITY,[],[],WBA,EMPTY_DOWNLOAD,False,,,0,False,2370,0,0.0,False,False,False
WCG|0001279363|1|2018-09|1,WCG,0001279363,WellCare,Health Care,True,2018-09,2019-12,2018-09-30,2019-12-31,16,True,NO_LONGER_CURRENT_CONSTITUENT_SECURITY,[],[],WCG,EMPTY_DOWNLOAD,False,,,0,False,315,0,0.0,False,False,False
WFM|0000865436|1|2015-10|1,WFM,0000865436,Whole Foods Market,Consumer Staples,True,2015-10,2017-07,2015-10-31,2017-07-31,22,True,NO_LONGER_CURRENT_CONSTITUENT_SECURITY,[],[],WFM,EMPTY_DOWNLOAD,False,,,0,False,439,0,0.0,False,False,False
WHR|0000106640|1|2015-10|1,WHR,0000106640,Whirlpool Corporation,Consumer Discretionary,True,2015-10,2024-02,2015-10-31,2024-02-29,101,True,NO_LONGER_CURRENT_CONSTITUENT_SECURITY,[],[],WHR,,True,2014-09-26,2024-04-09,277,True,2095,2095,1.0,True,False,True
WLTW|0001140536|0|2016-01|1,WLTW,0001140536,Willis Towers Watson,Financials,False,2016-01,2021-12,2016-01-31,2021-12-31,72,True,TICKER_OR_SHARE_CLASS_CHANGED,['WTW'],[],WLTW,EMPTY_DOWNLOAD,False,,,0,False,1492,0,0.0,False,False,False
WRK|0001159297|1|2015-10|1,WRK,0001159297,Westrock Co,Materials,True,2015-10,2016-01,2015-10-31,2016-01-31,4,True,NO_LONGER_CURRENT_CONSTITUENT_SECURITY,[],[],WRK,EMPTY_DOWNLOAD,False,,,0,False,61,0,0.0,False,False,False
WRK|0001636023|1|2016-02|1,WRK,0001636023,WestRock,Materials,True,2016-02,2020-08,2016-02-29,2020-08-31,55,True,NO_LONGER_CURRENT_CONSTITUENT_SECURITY,[],[],WRK,EMPTY_DOWNLOAD,False,,,0,False,1136,0,0.0,False,False,False
WRK|0001732845|1|2020-09|1,WRK,0001732845,WestRock,Materials,True,2020-09,2024-06,2020-09-30,2024-06-30,46,True,NO_LONGER_CURRENT_CONSTITUENT_SECURITY,[],[],WRK,EMPTY_DOWNLOAD,False,,,0,False,942,0,0.0,False,False,False
WU|0001365135|1|2015-10|1,WU,0001365135,Western Union,Information Technology,True,2015-10,2021-11,2015-10-31,2021-11-30,74,True,NO_LONGER_CURRENT_CONSTITUENT_SECURITY,[],[],WU,,True,2014-09-26,2022-01-07,277,True,1531,1531,1.0,True,False,True
WYN|0001361658|1|2015-10|1,WYN,0001361658,Wyndham Worldwide,Consumer Discretionary,True,2015-10,2018-04,2015-10-31,2018-04-30,31,True,NO_LONGER_CURRENT_CONSTITUENT_SECURITY,[],[],WYN,EMPTY_DOWNLOAD,False,,,0,False,627,0,0.0,False,False,False
XEC|0001168054|1|2015-10|1,XEC,0001168054,Cimarex Energy,Energy,True,2015-10,2020-02,2015-10-31,2020-02-29,53,True,NO_LONGER_CURRENT_CONSTITUENT_SECURITY,[],[],XEC,EMPTY_DOWNLOAD,False,,,0,False,1088,0,0.0,False,False,False
XL|0000875159|0|2015-10|1,XL,0000875159,XL Group,Financials,False,2015-10,2018-08,2015-10-31,2018-08-31,35,True,NO_LONGER_CURRENT_CONSTITUENT_SECURITY,[],[],XL,EMPTY_DOWNLOAD,False,,,0,False,714,0,0.0,False,False,False
XLNX|0000743988|1|2015-10|1,XLNX,0000743988,Xilinx,Information Technology,True,2015-10,2022-01,2015-10-31,2022-01-31,76,True,NO_LONGER_CURRENT_CONSTITUENT_SECURITY,[],[],XLNX,EMPTY_DOWNLOAD,False,,,0,False,1573,0,0.0,False,False,False
XRAY|0000818479|1|2015-10|1,XRAY,0000818479,Dentsply Sirona,Health Care,True,2015-10,2024-03,2015-10-31,2024-03-31,102,True,NO_LONGER_CURRENT_CONSTITUENT_SECURITY,[],[],XRAY,,True,2014-09-26,2024-05-10,277,True,2115,2115,1.0,True,False,True
XRX|0000108772|1|2015-10|1,XRX,0000108772,Xerox,Information Technology,True,2015-10,2020-08,2015-10-31,2020-08-31,59,True,NO_LONGER_CURRENT_CONSTITUENT_SECURITY,[],[],XRX,,True,2014-09-26,2021-04-09,277,True,1216,1216,1.0,True,False,True
XRX|0001770450|1|2020-09|1,XRX,0001770450,Xerox,Information Technology,True,2020-09,2021-02,2020-09-30,2021-02-28,6,True,NO_LONGER_CURRENT_CONSTITUENT_SECURITY,[],[],XRX,,True,2014-09-26,2021-04-09,276,True,103,103,1.0,True,False,True
YHOO|0001011006|1|2015-10|1,YHOO,0001011006,Yahoo Inc.,Information Technology,True,2015-10,2017-05,2015-10-31,2017-05-31,20,True,NO_LONGER_CURRENT_CONSTITUENT_SECURITY,[],[],YHOO,EMPTY_DOWNLOAD,False,,,0,False,397,0,0.0,False,False,False
ZION|0000109380|0|2015-10|1,ZION,0000109380,Zions Bancorporation,Financials,False,2015-10,2024-02,2015-10-31,2024-02-29,101,True,NO_LONGER_CURRENT_CONSTITUENT_SECURITY,[],[],ZION,,True,2014-09-26,2024-04-09,277,True,2095,2095,1.0,True,False,True
