symbols,name,sector,cik,status,resolved,provenance_complete,ratio,liabilities,equity,formula,financial_period_end,filed,accession,form
ABT,Abbott Laboratories,Health Care,0000001800,ratio_available,True,True,1.0953871843039031,57728000000.0,52701000000.0,LiabilitiesAndStockholdersEquity-TotalEquity/StockholdersEquityIncludingPortionAttributableToNoncontrollingInterest,2026-03-31,2026-04-29,0001628280-26-028357,10-Q
AMD,Advanced Micro Devices,Information Technology,0000002488,insufficient_total_facts,False,False,,,,,2026-03-28,2026-05-06,0000002488-26-000076,10-Q
APD,Air Products,Materials,0000002969,ratio_available,True,True,1.2944991129378836,23494900000.0,18149800000.0,Liabilities/StockholdersEquityIncludingPortionAttributableToNoncontrollingInterest,2026-03-31,2026-04-30,0000002969-26-000020,10-Q
SWKS,Skyworks Solutions,Information Technology,0000004127,ratio_available,True,True,0.3694781206098132,2130300000.0,5765700000.0,Liabilities/LiabilitiesAndStockholdersEquity-Liabilities,2026-04-03,2026-05-05,0000004127-26-000015,10-Q
HWM,Howmet Aerospace,Industrials,0000004281,ratio_available,True,True,1.3663527707352408,7545000000.0,5522000000.0,Liabilities/LiabilitiesAndStockholdersEquity-Liabilities,2026-03-31,2026-05-07,0000004281-26-000019,10-Q
ADI,Analog Devices,Information Technology,0000006281,insufficient_total_facts,False,False,,,,,2026-05-02,2026-05-20,0000006281-26-000052,10-Q
AMAT,Applied Materials,Information Technology,0000006951,ratio_available,True,True,0.6849721862060312,16377000000.0,23909000000.0,Liabilities/LiabilitiesAndStockholdersEquity-Liabilities,2026-04-26,2026-05-21,0001628280-26-037227,10-Q
ADM,Archer Daniels Midland,Consumer Staples,0000007084,ratio_available,True,True,1.4373328657226776,32787000000.0,22811000000.0,LiabilitiesAndStockholdersEquity-TotalEquity/StockholdersEquityIncludingPortionAttributableToNoncontrollingInterest,2026-03-31,2026-05-05,0000007084-26-000023,10-Q
ADP,Automatic Data Processing,Industrials,0000008670,ratio_available,True,True,9.154832207366812,58134100000.0,6350100000.0,Liabilities/LiabilitiesAndStockholdersEquity-Liabilities,2026-03-31,2026-04-30,0000008670-26-000022,10-Q
AVY,Avery Dennison,Materials,0000008818,insufficient_total_facts,False,False,,,,,2026-03-31,2026-05-05,0000008818-26-000109,10-Q
BALL,Ball Corporation,Materials,0000009389,ratio_available,True,True,2.5184196476241323,14151000000.0,5619000000.0,Liabilities/StockholdersEquityIncludingPortionAttributableToNoncontrollingInterest,2026-03-31,2026-05-05,0001104659-26-055460,10-Q
BAX,Baxter International,Health Care,0000010456,ratio_available,True,True,2.298869680851064,13830000000.0,6016000000.0,Liabilities/StockholdersEquityIncludingPortionAttributableToNoncontrollingInterest,2026-03-31,2026-04-30,0001628280-26-028962,10-Q
BDX,Becton Dickinson,Health Care,0000010795,insufficient_total_facts,False,False,,,,,2026-03-31,2026-05-07,0000010795-26-000026,10-Q
BA,Boeing,Industrials,0000012927,ratio_available,True,True,26.12510220768602,159755000000.0,6115000000.0,Liabilities/StockholdersEquityIncludingPortionAttributableToNoncontrollingInterest,2026-06-30,2026-07-28,0001628280-26-050038,10-Q
BMY,Bristol Myers Squibb,Health Care,0000014272,ratio_available,True,True,3.3018605113919013,66374000000.0,20102000000.0,Liabilities/StockholdersEquityIncludingPortionAttributableToNoncontrollingInterest,2026-03-31,2026-04-30,0000014272-26-000010,10-Q
BF.B,Brown–Forman,Consumer Staples,0000014693,ratio_available,True,True,0.963681592039801,3874000000.0,4020000000.0,Liabilities/LiabilitiesAndStockholdersEquity-Liabilities,2026-04-30,2026-06-12,0000014693-26-000024,10-K
STZ,Constellation Brands,Consumer Staples,0000016918,ratio_available,True,True,1.585873353762661,13558900000.0,8549800000.0,Liabilities/StockholdersEquityIncludingPortionAttributableToNoncontrollingInterest,2026-05-31,2026-07-01,0000016918-26-000029,10-Q
CAT,Caterpillar Inc.,Industrials,0000018230,ratio_available,True,True,4.120578778135048,76890000000.0,18660000000.0,Liabilities/StockholdersEquityIncludingPortionAttributableToNoncontrollingInterest,2026-03-31,2026-05-06,0000018230-26-000021,10-Q
CLX,Clorox,Consumer Staples,0000021076,ratio_available,True,True,68.95652173913044,6344000000.0,92000000.0,Liabilities/StockholdersEquityIncludingPortionAttributableToNoncontrollingInterest,2026-03-31,2026-04-30,0000021076-26-000019,10-Q
KO,Coca-Cola Company (The),Consumer Staples,0000021344,ratio_available,True,True,1.9164661107068899,68483000000.0,35734000000.0,LiabilitiesAndStockholdersEquity-TotalEquity/StockholdersEquityIncludingPortionAttributableToNoncontrollingInterest,2026-04-03,2026-04-30,0001628280-26-028802,10-Q
CL,Colgate-Palmolive,Consumer Staples,0000021665,ratio_available,True,True,33.17695473251029,16124000000.0,486000000.0,Liabilities/StockholdersEquityIncludingPortionAttributableToNoncontrollingInterest,2026-03-31,2026-05-01,0000021665-26-000023,10-Q
TAP,Molson Coors Beverage Company,Consumer Staples,0000024545,accounting_identity_mismatch,False,False,,,,,2025-12-31,2026-02-18,0000024545-26-000006,10-K
GLW,Corning Inc.,Information Technology,0000024741,ratio_available,True,True,1.5308122115151024,18904000000.0,12349000000.0,Liabilities/StockholdersEquityIncludingPortionAttributableToNoncontrollingInterest,2026-03-31,2026-05-01,0000024741-26-000205,10-Q
CMI,Cummins,Industrials,0000026172,ratio_available,True,True,1.575904875860006,21073000000.0,13372000000.0,Liabilities/StockholdersEquityIncludingPortionAttributableToNoncontrollingInterest,2026-03-31,2026-05-05,0000026172-26-000016,10-Q
TGT,Target Corporation,Consumer Staples,0000027419,insufficient_total_facts,False,False,,,,,2026-05-02,2026-05-29,0000027419-26-000022,10-Q
DAL,Delta Air Lines,Industrials,0000027904,insufficient_total_facts,False,False,,,,,2026-06-30,2026-07-10,0000027904-26-000031,10-Q
DG,Dollar General,Consumer Staples,0000029534,ratio_available,True,True,2.584601941993495,22856369000.0,8843284000.0,Liabilities/LiabilitiesAndStockholdersEquity-Liabilities,2026-05-01,2026-06-02,0001104659-26-069205,10-Q
DOV,Dover Corporation,Industrials,0000029905,insufficient_total_facts,False,False,,,,,2026-06-30,2026-07-23,0000029905-26-000027,10-Q
OMC,Omnicom Group,Communication Services,0000029989,ratio_available,True,True,3.960703328997925,39892600000.0,10072100000.0,LiabilitiesAndStockholdersEquity-TotalEquity/StockholdersEquityIncludingPortionAttributableToNoncontrollingInterest,2026-03-31,2026-04-29,0000029989-26-000011,10-Q
ECL,Ecolab,Materials,0000031462,ratio_available,True,True,1.4960725677830942,15008600000.0,10032000000.0,Liabilities/StockholdersEquityIncludingPortionAttributableToNoncontrollingInterest,2026-03-31,2026-05-07,0001104659-26-056737,10-Q
RVTY,Revvity,Health Care,0000031791,ratio_available,True,True,0.6701971211817664,4813851000.0,7182739000.0,Liabilities/LiabilitiesAndStockholdersEquity-Liabilities,2026-04-05,2026-05-12,0000031791-26-000019,10-Q
EMR,Emerson Electric,Industrials,0000032604,ratio_available,True,True,1.0713617796151385,21769000000.0,20319000000.0,LiabilitiesAndStockholdersEquity-TotalEquity/StockholdersEquityIncludingPortionAttributableToNoncontrollingInterest,2026-03-31,2026-05-05,0000032604-26-000035,10-Q
EFX,Equifax,Industrials,0000033185,accounting_identity_mismatch,False,False,,,,,2026-06-30,2026-07-21,0000033185-26-000028,10-Q
EQT,EQT Corporation,Energy,0000033213,ratio_available,True,True,0.4316000296153637,12457443000.0,28863397000.0,Liabilities/StockholdersEquityIncludingPortionAttributableToNoncontrollingInterest,2026-06-30,2026-07-22,0000033213-26-000043,10-Q
XOM,ExxonMobil,Energy,0000034088,ratio_available,True,True,0.7793759291330136,203414000000.0,260996000000.0,Liabilities/StockholdersEquityIncludingPortionAttributableToNoncontrollingInterest,2026-03-31,2026-05-04,0000034088-26-000067,10-Q
F,Ford Motor Company,Consumer Discretionary,0000037996,ratio_available,True,True,6.53478817628855,244950000000.0,37484000000.0,Liabilities/StockholdersEquityIncludingPortionAttributableToNoncontrollingInterest,2026-03-31,2026-04-30,0000037996-26-000086,10-Q
GD,General Dynamics,Industrials,0000040533,insufficient_total_facts,False,False,,,,,2026-04-05,2026-04-29,0000040533-26-000012,10-Q
GE,GE Aerospace,Industrials,0000040545,ratio_available,True,True,6.145687580455588,109805000000.0,17867000000.0,Liabilities/StockholdersEquityIncludingPortionAttributableToNoncontrollingInterest,2026-06-30,2026-07-16,0000040545-26-000049,10-Q
GIS,General Mills,Consumer Staples,0000040704,ratio_available,True,True,3.066972874834024,22636100000.0,7380600000.0,Liabilities/StockholdersEquityIncludingPortionAttributableToNoncontrollingInterest,2026-05-31,2026-07-01,0001628280-26-046466,10-K
GPC,Genuine Parts Company,Consumer Discretionary,0000040987,ratio_available,True,True,3.634522641786403,16514504000.0,4543789000.0,LiabilitiesAndStockholdersEquity-TotalEquity/StockholdersEquityIncludingPortionAttributableToNoncontrollingInterest,2026-06-30,2026-07-21,0000040987-26-000033,10-Q
HAL,Halliburton,Energy,0000045012,ratio_available,True,True,1.33695258776692,14776000000.0,11052000000.0,Liabilities/StockholdersEquityIncludingPortionAttributableToNoncontrollingInterest,2026-06-30,2026-07-24,0000045012-26-000061,10-Q
HAS,Hasbro,Consumer Discretionary,0000046080,ratio_available,True,True,7.79605458320973,5256100000.0,674200000.0,Liabilities/StockholdersEquityIncludingPortionAttributableToNoncontrollingInterest,2026-03-29,2026-05-13,0000046080-26-000026,10-Q
HSY,Hershey Company (The),Consumer Staples,0000047111,ratio_available,True,True,1.9238989084567142,9107445000.0,4733848000.0,Liabilities/StockholdersEquityIncludingPortionAttributableToNoncontrollingInterest,2026-03-29,2026-04-30,0001628280-26-028682,10-Q
HPQ,HP Inc.,Information Technology,0000047217,insufficient_total_facts,False,False,,,,,2026-04-30,2026-05-28,0000047217-26-000029,10-Q
HRL,Hormel Foods,Consumer Staples,0000048465,ratio_available,True,True,0.6756019305172506,5380410000.0,7963876000.0,LiabilitiesAndStockholdersEquity-TotalEquity/StockholdersEquityIncludingPortionAttributableToNoncontrollingInterest,2026-04-26,2026-05-28,0000048465-26-000026,10-Q
HUBB,Hubbell Incorporated,Industrials,0000048898,ratio_available,True,True,1.2273761642675698,4638500000.0,3779200000.0,Liabilities/StockholdersEquityIncludingPortionAttributableToNoncontrollingInterest,2026-03-31,2026-05-01,0001628280-26-029110,10-Q
HUM,Humana,Health Care,0000049071,ratio_available,True,True,1.964710929958168,36634000000.0,18646000000.0,Liabilities/StockholdersEquityIncludingPortionAttributableToNoncontrollingInterest,2026-03-31,2026-04-29,0000049071-26-000023,10-Q
ITW,Illinois Tool Works,Industrials,0000049826,ratio_available,True,True,4.035294117647059,13034000000.0,3230000000.0,LiabilitiesAndStockholdersEquity-TotalEquity/StockholdersEquityIncludingPortionAttributableToNoncontrollingInterest,2026-03-31,2026-05-07,0000049826-26-000028,10-Q
INTC,Intel,Information Technology,0000050863,ratio_available,True,True,0.9627022677253909,99296000000.0,103143000000.0,LiabilitiesAndStockholdersEquity-TotalEquity/StockholdersEquityIncludingPortionAttributableToNoncontrollingInterest,2026-06-27,2026-07-24,0000050863-26-000157,10-Q
IBM,IBM,Information Technology,0000051143,ratio_available,True,True,3.403433600648505,117558000000.0,34541000000.0,Liabilities/StockholdersEquityIncludingPortionAttributableToNoncontrollingInterest,2026-06-30,2026-07-23,0000051143-26-000078,10-Q
IFF,International Flavors & Fragrances,Materials,0000051253,ratio_available,True,True,0.7765844697237335,10991000000.0,14153000000.0,LiabilitiesAndStockholdersEquity-TotalEquity/StockholdersEquityIncludingPortionAttributableToNoncontrollingInterest,2026-03-31,2026-05-05,0000051253-26-000017,10-Q
IP,International Paper,Materials,0000051434,insufficient_total_facts,False,False,,,,,2026-03-31,2026-05-05,0000051434-26-000074,10-Q
J,Jacobs Solutions,Industrials,0000052988,ratio_available,True,True,2.6357905293639283,8657225000.0,3284489000.0,LiabilitiesAndStockholdersEquity-TotalEquity/StockholdersEquityIncludingPortionAttributableToNoncontrollingInterest,2026-03-27,2026-05-05,0001628280-26-030528,10-Q
KMB,Kimberly-Clark,Consumer Staples,0000055785,ratio_available,True,True,7.978056426332288,15270000000.0,1914000000.0,LiabilitiesAndStockholdersEquity-TotalEquity/StockholdersEquityIncludingPortionAttributableToNoncontrollingInterest,2026-03-31,2026-04-28,0001628280-26-027800,10-Q
KR,Kroger,Consumer Staples,0000056873,ratio_available,True,True,6.763507255325718,43814000000.0,6478000000.0,Liabilities/StockholdersEquityIncludingPortionAttributableToNoncontrollingInterest,2026-05-23,2026-06-26,0001104659-26-078236,10-Q
LLY,Lilly (Eli),Health Care,0000059478,insufficient_total_facts,False,False,,,,,2026-03-31,2026-04-30,0000059478-26-000045,10-Q
LOW,Lowe's,Consumer Discretionary,0000060667,nonpositive_equity_auto_fail,True,True,,64211000000.0,-9270000000.0,Liabilities/LiabilitiesAndStockholdersEquity-Liabilities,2026-05-01,2026-05-28,0000060667-26-000072,10-Q
MAS,Masco,Industrials,0000062996,ratio_available,True,True,192.77777777777777,5205000000.0,27000000.0,Liabilities/StockholdersEquityIncludingPortionAttributableToNoncontrollingInterest,2026-03-31,2026-04-22,0000062996-26-000014,10-Q
MKC,McCormick & Company,Consumer Staples,0000063754,ratio_available,True,True,1.175682991562463,8903800000.0,7573300000.0,Liabilities/StockholdersEquityIncludingPortionAttributableToNoncontrollingInterest,2026-05-31,2026-06-25,0000063754-26-000274,10-Q
MCD,McDonald's,Consumer Discretionary,0000063908,insufficient_total_facts,False,False,,,,,2026-03-31,2026-05-07,0000063908-26-000051,10-Q
CVS,CVS Health,Health Care,0000064803,ratio_available,True,True,2.2584205984260084,175337000000.0,77637000000.0,Liabilities/StockholdersEquityIncludingPortionAttributableToNoncontrollingInterest,2026-03-31,2026-05-06,0000064803-26-000052,10-Q
MMM,3M,Industrials,0000066740,ratio_available,True,True,10.621963394342762,31919000000.0,3005000000.0,Liabilities/StockholdersEquityIncludingPortionAttributableToNoncontrollingInterest,2026-06-30,2026-07-21,0000066740-26-000246,10-Q
MSI,Motorola Solutions,Information Technology,0000068505,ratio_available,True,True,6.444401092469762,16517000000.0,2563000000.0,LiabilitiesAndStockholdersEquity-TotalEquity/StockholdersEquityIncludingPortionAttributableToNoncontrollingInterest,2026-04-04,2026-05-07,0000068505-26-000021,10-Q
NDSN,Nordson Corporation,Industrials,0000072331,insufficient_total_facts,False,False,,,,,2026-04-30,2026-05-21,0000072331-26-000024,10-Q
NUE,Nucor,Materials,0000073309,ratio_available,True,True,0.5804062444562711,13087000000.0,22548000000.0,Liabilities/StockholdersEquityIncludingPortionAttributableToNoncontrollingInterest,2026-04-04,2026-05-13,0001193125-26-220778,10-Q
PCAR,Paccar,Industrials,0000075362,insufficient_total_facts,False,False,,,,,2026-03-31,2026-04-29,0001193125-26-191499,10-Q
PKG,Packaging Corporation of America,Materials,0000075677,ratio_available,True,True,1.3492523649679584,6190100000.0,4587800000.0,LiabilitiesAndStockholdersEquity-TotalEquity/StockholdersEquityIncludingPortionAttributableToNoncontrollingInterest,2026-03-31,2026-05-08,0001193125-26-213675,10-Q
PH,Parker Hannifin,Industrials,0000076334,ratio_available,True,True,1.0988574946979544,16062000000.0,14617000000.0,Liabilities/StockholdersEquityIncludingPortionAttributableToNoncontrollingInterest,2026-03-31,2026-05-01,0000076334-26-000073,10-Q
PNR,Pentair,Industrials,0000077360,ratio_available,True,True,0.8561192619616284,3261900000.0,3810100000.0,Liabilities/StockholdersEquityIncludingPortionAttributableToNoncontrollingInterest,2026-03-31,2026-04-28,0000077360-26-000027,10-Q
PEP,PepsiCo,Consumer Staples,0000077476,ratio_available,True,True,4.037674000898069,89919000000.0,22270000000.0,Liabilities/StockholdersEquityIncludingPortionAttributableToNoncontrollingInterest,2026-06-13,2026-07-09,0000077476-26-000035,10-Q
PFE,Pfizer,Health Care,0000078003,ratio_available,True,True,1.296557674439184,117214000000.0,90404000000.0,Liabilities/StockholdersEquityIncludingPortionAttributableToNoncontrollingInterest,2026-03-29,2026-05-05,0000078003-26-000054,10-Q
PPG,PPG Industries,Materials,0000079879,ratio_available,True,True,1.6835473709716502,13896000000.0,8254000000.0,Liabilities/StockholdersEquityIncludingPortionAttributableToNoncontrollingInterest,2026-03-31,2026-04-29,0000079879-26-000170,10-Q
PG,Procter & Gamble,Consumer Staples,0000080424,ratio_available,True,True,1.3456176572691894,73647000000.0,54731000000.0,Liabilities/StockholdersEquityIncludingPortionAttributableToNoncontrollingInterest,2026-03-31,2026-04-24,0000080424-26-000060,10-Q
ROL,"Rollins, Inc.",Industrials,0000084839,ratio_available,True,True,1.3467676555001165,1925335000.0,1429597000.0,Liabilities/LiabilitiesAndStockholdersEquity-Liabilities,2026-06-30,2026-07-23,0000084839-26-000040,10-Q
SLB,Schlumberger,Energy,0000087347,ratio_available,True,True,0.9934193689906043,27173000000.0,27353000000.0,Liabilities/StockholdersEquityIncludingPortionAttributableToNoncontrollingInterest,2026-03-31,2026-04-29,0001193125-26-190101,10-Q
SHW,Sherwin-Williams,Materials,0000089800,insufficient_total_facts,False,False,,,,,2026-06-30,2026-07-28,0000089800-26-000049,10-Q
AOS,A. O. Smith,Industrials,0000091142,ratio_available,True,True,0.9438202247191011,1772400000.0,1877900000.0,Liabilities/LiabilitiesAndStockholdersEquity-Liabilities,2026-03-31,2026-04-30,0000091142-26-000084,10-Q
SJM,J.M. Smucker Company (The),Consumer Staples,0000091419,ratio_available,True,True,1.9256827446877594,10675600000.0,5543800000.0,Liabilities/LiabilitiesAndStockholdersEquity-Liabilities,2026-04-30,2026-06-09,0000091419-26-000050,10-K
SNA,Snap-on,Industrials,0000091440,ratio_available,True,True,0.424410266554572,2574600000.0,6066300000.0,Liabilities/StockholdersEquityIncludingPortionAttributableToNoncontrollingInterest,2026-07-04,2026-07-23,0000091440-26-000144,10-Q
LUV,Southwest Airlines,Industrials,0000092380,insufficient_total_facts,False,False,,,,,2026-06-30,2026-07-23,0000092380-26-000077,10-Q
CVX,Chevron Corporation,Energy,0000093410,ratio_available,True,True,0.7402400578758099,140180000000.0,189371000000.0,Liabilities/StockholdersEquityIncludingPortionAttributableToNoncontrollingInterest,2026-03-31,2026-05-07,0000093410-26-000113,10-Q
SWK,Stanley Black & Decker,Industrials,0000093556,insufficient_total_facts,False,False,,,,,2026-04-04,2026-04-29,0000093556-26-000015,10-Q
SYY,Sysco,Consumer Staples,0000096021,insufficient_total_facts,False,False,,,,,2026-03-28,2026-04-29,0000096021-26-000022,10-Q
TER,Teradyne,Information Technology,0000097210,ratio_available,True,True,0.41033285663028624,1290011000.0,3143816000.0,Liabilities/LiabilitiesAndStockholdersEquity-Liabilities,2026-03-29,2026-05-01,0001193125-26-201058,10-Q
TXN,Texas Instruments,Information Technology,0000097476,ratio_available,True,True,0.9926695174098962,17875000000.0,18007000000.0,Liabilities/LiabilitiesAndStockholdersEquity-Liabilities,2026-06-30,2026-07-24,0000097476-26-000152,10-Q
TMO,Thermo Fisher Scientific,Health Care,0000097745,ratio_available,True,True,1.1809973045822102,61341000000.0,51940000000.0,LiabilitiesAndStockholdersEquity-TotalEquity/StockholdersEquityIncludingPortionAttributableToNoncontrollingInterest,2026-03-28,2026-05-01,0000097745-26-000092,10-Q
TSN,Tyson Foods,Consumer Staples,0000100493,ratio_available,True,True,0.9320367012801495,16964000000.0,18201000000.0,LiabilitiesAndStockholdersEquity-TotalEquity/StockholdersEquityIncludingPortionAttributableToNoncontrollingInterest,2026-03-28,2026-05-04,0000100493-26-000020,10-Q
UAL,United Airlines Holdings,Industrials,0000100517,insufficient_total_facts,False,False,,,,,2026-06-30,2026-07-16,0000100517-26-000139,10-Q
UNP,Union Pacific Corporation,Industrials,0000100885,ratio_available,True,True,2.4446379335364967,50538000000.0,20673000000.0,Liabilities/LiabilitiesAndStockholdersEquity-Liabilities,2026-06-30,2026-07-23,0000100885-26-000250,10-Q
RTX,RTX Corporation,Industrials,0000101829,ratio_available,True,True,1.5536437841329496,105828000000.0,68116000000.0,Liabilities/StockholdersEquityIncludingPortionAttributableToNoncontrollingInterest,2026-06-30,2026-07-23,0000101829-26-000027,10-Q
WMT,Walmart,Consumer Staples,0000104169,ratio_available,True,True,1.8764525933136011,188925000000.0,100682000000.0,LiabilitiesAndStockholdersEquity-TotalEquity/StockholdersEquityIncludingPortionAttributableToNoncontrollingInterest,2026-04-30,2026-05-29,0000104169-26-000102,10-Q
EME,Emcor,Industrials,0000105634,ratio_available,True,True,1.4584150382565204,5640531000.0,3867576000.0,Liabilities/StockholdersEquityIncludingPortionAttributableToNoncontrollingInterest,2026-03-31,2026-04-29,0000105634-26-000046,10-Q
WST,West Pharmaceutical Services,Health Care,0000105770,ratio_available,True,True,0.36325329409404056,1086200000.0,2990200000.0,Liabilities/LiabilitiesAndStockholdersEquity-Liabilities,2026-06-30,2026-07-23,0000105770-26-000099,10-Q
WDC,Western Digital,Information Technology,0000106040,ratio_available,True,True,0.5542355371900827,5365000000.0,9680000000.0,Liabilities/LiabilitiesAndStockholdersEquity-Liabilities,2026-04-03,2026-05-01,0001628280-26-029054,10-Q
WMB,Williams Companies,Energy,0000107263,ratio_available,True,True,2.9288352460097613,44407000000.0,15162000000.0,LiabilitiesAndStockholdersEquity-TotalEquity/StockholdersEquityIncludingPortionAttributableToNoncontrollingInterest,2026-03-31,2026-05-04,0000107263-26-000017,10-Q
TJX,TJX Companies,Consumer Discretionary,0000109198,insufficient_total_facts,False,False,,,,,2026-05-02,2026-05-29,0000109198-26-000034,10-Q
JNJ,Johnson & Johnson,Health Care,0000200406,ratio_available,True,True,1.3662308316955196,116090000000.0,84971000000.0,Liabilities/StockholdersEquityIncludingPortionAttributableToNoncontrollingInterest,2026-06-28,2026-07-23,0000200406-26-000153,10-Q
LHX,L3Harris,Industrials,0000202058,ratio_available,True,True,1.1026422764227641,21700000000.0,19680000000.0,Liabilities/LiabilitiesAndStockholdersEquity-Liabilities,2026-04-03,2026-04-30,0000202058-26-000035,10-Q
TXT,Textron,Industrials,0000217346,ratio_available,True,True,1.2515520238390863,10080000000.0,8054000000.0,Liabilities/LiabilitiesAndStockholdersEquity-Liabilities,2026-07-04,2026-07-28,0000217346-26-000036,10-Q
GWW,W. W. Grainger,Industrials,0000277135,ratio_available,True,True,1.1812111443702509,5130000000.0,4343000000.0,LiabilitiesAndStockholdersEquity-TotalEquity/StockholdersEquityIncludingPortionAttributableToNoncontrollingInterest,2026-03-31,2026-05-07,0000277135-26-000053,10-Q
CSX,CSX Corporation,Industrials,0000277948,ratio_available,True,True,2.1747586598523565,30638000000.0,14088000000.0,Liabilities/StockholdersEquityIncludingPortionAttributableToNoncontrollingInterest,2026-06-30,2026-07-22,0000277948-26-000032,10-Q
MRK,Merck & Co.,Health Care,0000310158,ratio_available,True,True,1.801702553830746,82754000000.0,45931000000.0,LiabilitiesAndStockholdersEquity-TotalEquity/StockholdersEquityIncludingPortionAttributableToNoncontrollingInterest,2026-03-31,2026-05-04,0001628280-26-029802,10-Q
SYK,Stryker Corporation,Health Care,0000310764,ratio_available,True,True,1.014491492232038,23312000000.0,22979000000.0,Liabilities/StockholdersEquityIncludingPortionAttributableToNoncontrollingInterest,2026-03-31,2026-05-11,0000310764-26-000031,10-Q
DHR,Danaher Corporation,Health Care,0000313616,ratio_available,True,True,0.7562937328871311,39775000000.0,52592000000.0,LiabilitiesAndStockholdersEquity-TotalEquity/StockholdersEquityIncludingPortionAttributableToNoncontrollingInterest,2026-06-26,2026-07-21,0000313616-26-000161,10-Q
CHD,Church & Dwight,Consumer Staples,0000313927,ratio_available,True,True,1.1515766841853798,4820500000.0,4186000000.0,Liabilities/LiabilitiesAndStockholdersEquity-Liabilities,2026-03-31,2026-05-01,0001193125-26-200630,10-Q
DE,Deere & Company,Industrials,0000315189,ratio_available,True,True,2.9015795425528035,79541000000.0,27413000000.0,Liabilities/StockholdersEquityIncludingPortionAttributableToNoncontrollingInterest,2026-05-03,2026-05-28,0001104659-26-067311,10-Q
AMGN,Amgen,Health Care,0000318154,insufficient_total_facts,False,False,,,,,2026-03-31,2026-05-01,0000318154-26-000057,10-Q
KLAC,KLA Corporation,Information Technology,0000319201,ratio_available,True,True,1.8940107143561566,11043020000.0,5830495000.0,Liabilities/LiabilitiesAndStockholdersEquity-Liabilities,2026-03-31,2026-04-30,0000319201-26-000016,10-Q
NKE,"Nike, Inc.",Consumer Discretionary,0000320187,insufficient_total_facts,False,False,,,,,2026-05-31,2026-07-15,0000320187-26-000088,10-K
AAPL,Apple Inc.,Information Technology,0000320193,ratio_available,True,True,2.4846325041552806,264591000000.0,106491000000.0,Liabilities/LiabilitiesAndStockholdersEquity-Liabilities,2026-03-28,2026-05-01,0000320193-26-000013,10-Q
UHS,Universal Health Services,Health Care,0000352915,ratio_available,True,True,1.0821850834785203,8150043000.0,7531099000.0,LiabilitiesAndStockholdersEquity-TotalEquity/StockholdersEquityIncludingPortionAttributableToNoncontrollingInterest,2026-03-31,2026-05-07,0001193125-26-211992,10-Q
HD,Home Depot (The),Consumer Discretionary,0000354950,ratio_available,True,True,6.7774254000288305,94030000000.0,13874000000.0,Liabilities/LiabilitiesAndStockholdersEquity-Liabilities,2026-05-03,2026-05-27,0001628280-26-038247,10-Q
NSC,Norfolk Southern,Industrials,0000702165,ratio_available,True,True,1.776225927521073,28869000000.0,16253000000.0,Liabilities/LiabilitiesAndStockholdersEquity-Liabilities,2026-06-30,2026-07-23,0001628280-26-049326,10-Q
LRCX,Lam Research,Information Technology,0000707549,ratio_available,True,True,0.9643215980229725,10207131000.0,10584779000.0,Liabilities/LiabilitiesAndStockholdersEquity-Liabilities,2026-03-29,2026-04-23,0000707549-26-000022,10-Q
COO,Cooper Companies (The),Health Care,0000711404,ratio_available,True,True,0.5150077071524802,4243200000.0,8239100000.0,Liabilities/StockholdersEquityIncludingPortionAttributableToNoncontrollingInterest,2026-04-30,2026-06-05,0001628280-26-041305,10-Q
EA,Electronic Arts,Communication Services,0000712515,ratio_available,True,True,0.9413069189828503,6367000000.0,6764000000.0,Liabilities/LiabilitiesAndStockholdersEquity-Liabilities,2026-03-31,2026-05-11,0001628280-26-033617,10-K
WSM,"Williams-Sonoma, Inc.",Consumer Discretionary,0000719955,ratio_available,True,True,1.705924257301835,3189744000.0,1869804000.0,Liabilities/LiabilitiesAndStockholdersEquity-Liabilities,2026-05-03,2026-05-22,0000719955-26-000131,10-Q
CAH,Cardinal Health,Health Care,0000721371,nonpositive_equity_auto_fail,True,True,,60783000000.0,-2700000000.0,LiabilitiesAndStockholdersEquity-TotalEquity/StockholdersEquityIncludingPortionAttributableToNoncontrollingInterest,2025-12-31,2026-02-05,0000721371-26-000006,10-Q
MU,Micron Technology,Information Technology,0000723125,ratio_available,True,True,0.33148008419046104,33388000000.0,100724000000.0,Liabilities/LiabilitiesAndStockholdersEquity-Liabilities,2026-05-28,2026-06-25,0000723125-26-000015,10-Q
CTAS,Cintas,Industrials,0000723254,insufficient_total_facts,False,False,,,,,2026-02-28,2026-04-07,0000723254-26-000012,10-Q
PAYX,Paychex,Industrials,0000723531,ratio_available,True,True,3.3304061470911086,12439400000.0,3735100000.0,Liabilities/LiabilitiesAndStockholdersEquity-Liabilities,2026-05-31,2026-07-17,0001193125-26-307785,10-K
CASY,Casey's,Consumer Staples,0000726958,ratio_available,True,True,1.2613083065875887,4984336000.0,3951719000.0,Liabilities/LiabilitiesAndStockholdersEquity-Liabilities,2026-04-30,2026-06-22,0000726958-26-000046,10-K
JBHT,J.B. Hunt,Industrials,0000728535,insufficient_total_facts,False,False,,,,,2026-06-30,2026-07-24,0001437749-26-024397,10-Q
UNH,UnitedHealth Group,Health Care,0000731766,ratio_available,True,True,1.995524327445979,207325000000.0,103895000000.0,Liabilities/StockholdersEquityIncludingPortionAttributableToNoncontrollingInterest,2026-03-31,2026-05-05,0000731766-26-000127,10-Q
VZ,Verizon,Communication Services,0000732712,ratio_available,True,True,2.9942077192177554,313260000000.0,104622000000.0,LiabilitiesAndStockholdersEquity-TotalEquity/StockholdersEquityIncludingPortionAttributableToNoncontrollingInterest,2026-03-31,2026-05-01,0000732712-26-000023,10-Q
T,AT&T,Communication Services,0000732717,ratio_available,True,True,2.388004808833067,301925000000.0,126434000000.0,LiabilitiesAndStockholdersEquity-TotalEquity/StockholdersEquityIncludingPortionAttributableToNoncontrollingInterest,2026-06-30,2026-07-22,0000732717-26-000297,10-Q
ROST,Ross Stores,Consumer Discretionary,0000745732,insufficient_total_facts,False,False,,,,,2026-05-02,2026-06-02,0000745732-26-000032,10-Q
EXPD,Expeditors International,Industrials,0000746515,ratio_available,True,True,1.0911518067020172,2495055000.0,2286625000.0,LiabilitiesAndStockholdersEquity-TotalEquity/StockholdersEquityIncludingPortionAttributableToNoncontrollingInterest,2026-03-31,2026-05-06,0001193125-26-208834,10-Q
IT,Gartner,Information Technology,0000749251,ratio_available,True,True,119.77611069039506,7591889000.0,63384000.0,Liabilities/LiabilitiesAndStockholdersEquity-Liabilities,2026-03-31,2026-05-05,0000749251-26-000167,10-Q
MO,Altria,Consumer Staples,0000764180,nonpositive_equity_auto_fail,True,True,,37745000000.0,-3161000000.0,Liabilities/StockholdersEquityIncludingPortionAttributableToNoncontrollingInterest,2026-03-31,2026-04-30,0000764180-26-000058,10-Q
BBY,Best Buy,Consumer Discretionary,0000764478,ratio_available,True,True,3.829711320142718,11807000000.0,3083000000.0,LiabilitiesAndStockholdersEquity-TotalEquity/StockholdersEquityIncludingPortionAttributableToNoncontrollingInterest,2026-05-02,2026-06-05,0000764478-26-000022,10-Q
ADSK,Autodesk,Information Technology,0000769397,insufficient_total_facts,False,False,,,,,2026-04-30,2026-05-29,0000769397-26-000044,10-Q
HON,Honeywell Technologies,Industrials,0000773840,ratio_available,True,True,3.1016068303547755,58487000000.0,18857000000.0,LiabilitiesAndStockholdersEquity-TotalEquity/StockholdersEquityIncludingPortionAttributableToNoncontrollingInterest,2026-06-30,2026-07-23,0000773840-26-000124,10-Q
MSFT,Microsoft,Information Technology,0000789019,ratio_available,True,True,0.6753940347566287,279861000000.0,414367000000.0,Liabilities/LiabilitiesAndStockholdersEquity-Liabilities,2026-03-31,2026-04-29,0001193125-26-191507,10-Q
MGM,MGM Resorts,Consumer Discretionary,0000789570,ratio_available,True,True,11.496166752024429,38070154000.0,3311552000.0,Liabilities/StockholdersEquityIncludingPortionAttributableToNoncontrollingInterest,2026-03-31,2026-04-29,0000789570-26-000035,10-Q
ADBE,Adobe Inc.,Information Technology,0000796343,ratio_available,True,True,1.5988018753255773,18415000000.0,11518000000.0,Liabilities/LiabilitiesAndStockholdersEquity-Liabilities,2026-05-29,2026-06-15,0000796343-26-000112,10-Q
OXY,Occidental Petroleum,Energy,0000797468,ratio_available,True,True,1.033973710819009,40904000000.0,39560000000.0,LiabilitiesAndStockholdersEquity-TotalEquity/StockholdersEquityIncludingPortionAttributableToNoncontrollingInterest,2026-03-31,2026-05-05,0001628280-26-030584,10-Q
QCOM,Qualcomm,Information Technology,0000804328,ratio_available,True,True,1.094581714201921,29858000000.0,27278000000.0,Liabilities/StockholdersEquityIncludingPortionAttributableToNoncontrollingInterest,2026-03-29,2026-04-29,0000804328-26-000061,10-Q
CDNS,Cadence Design Systems,Information Technology,0000813672,insufficient_total_facts,False,False,,,,,2026-03-31,2026-05-01,0000813672-26-000047,10-Q
FICO,Fair Isaac,Information Technology,0000814547,nonpositive_equity_auto_fail,True,True,,4149899000.0,-2101650000.0,Liabilities/LiabilitiesAndStockholdersEquity-Liabilities,2026-03-31,2026-04-28,0000814547-26-000021,10-Q
CCL,Carnival Corporation,Consumer Discretionary,0000815097,ratio_available,True,True,3.0224892174984594,39244000000.0,12984000000.0,LiabilitiesAndStockholdersEquity-TotalEquity/StockholdersEquityIncludingPortionAttributableToNoncontrollingInterest,2026-05-31,2026-06-26,0000815097-26-000096,10-Q
FAST,Fastenal,Industrials,0000815556,insufficient_total_facts,False,False,,,,,2026-06-30,2026-07-16,0000815556-26-000041,10-Q
APH,Amphenol,Information Technology,0000820313,ratio_available,True,True,1.9913011986593194,28042300000.0,14082400000.0,Liabilities/StockholdersEquityIncludingPortionAttributableToNoncontrollingInterest,2026-03-31,2026-05-01,0001104659-26-054128,10-Q
COHR,Coherent Corp.,Information Technology,0000820318,ratio_available,True,True,0.5692804787645545,6271015000.0,11015686000.0,Liabilities/StockholdersEquityIncludingPortionAttributableToNoncontrollingInterest,2026-03-31,2026-05-06,0000820318-26-000013,10-Q
EOG,EOG Resources,Energy,0000821189,insufficient_total_facts,False,False,,,,,2026-03-31,2026-05-05,0000821189-26-000104,10-Q
PHM,PulteGroup,Consumer Discretionary,0000822416,ratio_available,True,True,0.4033784777017444,5249459000.0,13013731000.0,Liabilities/LiabilitiesAndStockholdersEquity-Liabilities,2026-06-30,2026-07-22,0000822416-26-000036,10-Q
WM,Waste Management,Industrials,0000823768,ratio_available,True,True,3.55996807024546,35678000000.0,10022000000.0,Liabilities/StockholdersEquityIncludingPortionAttributableToNoncontrollingInterest,2026-03-31,2026-04-29,0001104659-26-051283,10-Q
MCHP,Microchip Technology,Information Technology,0000827054,insufficient_total_facts,False,False,,,,,2026-03-31,2026-05-21,0000827054-26-000016,10-K
SBUX,Starbucks,Consumer Discretionary,0000829224,nonpositive_equity_auto_fail,True,True,,39015200000.0,-8457700000.0,Liabilities/StockholdersEquityIncludingPortionAttributableToNoncontrollingInterest,2026-03-29,2026-04-28,0000829224-26-000080,10-Q
FCX,Freeport-McMoRan,Materials,0000831259,ratio_available,True,True,0.8672844403541621,27329000000.0,31511000000.0,Liabilities/StockholdersEquityIncludingPortionAttributableToNoncontrollingInterest,2026-03-31,2026-05-08,0000831259-26-000025,10-Q
IEX,IDEX Corporation,Industrials,0000832101,ratio_available,True,True,0.708971445509337,2870200000.0,4048400000.0,Liabilities/StockholdersEquityIncludingPortionAttributableToNoncontrollingInterest,2026-03-31,2026-04-29,0000832101-26-000009,10-Q
JCI,Johnson Controls,Industrials,0000833444,ratio_available,True,True,1.8320165399099166,24811000000.0,13543000000.0,LiabilitiesAndStockholdersEquity-TotalEquity/StockholdersEquityIncludingPortionAttributableToNoncontrollingInterest,2026-03-31,2026-05-06,0000833444-26-000050,10-Q
TECH,Bio-Techne,Health Care,0000842023,ratio_available,True,True,0.22313149545581842,465297000.0,2085304000.0,LiabilitiesAndStockholdersEquity-TotalEquity/StockholdersEquityIncludingPortionAttributableToNoncontrollingInterest,2026-03-31,2026-05-06,0001104659-26-056302,10-Q
CRH,CRH plc,Materials,0000849395,accounting_identity_mismatch,False,False,,,,,2026-03-31,2026-04-30,0001628280-26-028556,10-Q
GEN,Gen Digital,Information Technology,0000849399,ratio_available,True,True,4.970509383378016,12978000000.0,2611000000.0,Liabilities/LiabilitiesAndStockholdersEquity-Liabilities,2026-04-03,2026-05-21,0000849399-26-000017,10-K
PTC,PTC Inc.,Information Technology,0000857005,ratio_available,True,True,0.6936463971742075,2677387000.0,3859873000.0,Liabilities/LiabilitiesAndStockholdersEquity-Liabilities,2026-03-31,2026-05-07,0001193125-26-209869,10-Q
CSCO,Cisco,Information Technology,0000858877,ratio_available,True,True,1.5694521192771331,76685000000.0,48861000000.0,Liabilities/LiabilitiesAndStockholdersEquity-Liabilities,2026-04-25,2026-05-19,0000858877-26-000078,10-Q
HCA,HCA Healthcare,Health Care,0000860730,nonpositive_equity_auto_fail,True,True,,64428000000.0,-2978000000.0,LiabilitiesAndStockholdersEquity-TotalEquity/StockholdersEquityIncludingPortionAttributableToNoncontrollingInterest,2026-03-31,2026-04-29,0001193125-26-191444,10-Q
TYL,Tyler Technologies,Information Technology,0000860731,ratio_available,True,True,0.34859605877411626,1240386000.0,3558233000.0,Liabilities/LiabilitiesAndStockholdersEquity-Liabilities,2026-03-31,2026-04-29,0000860731-26-000032,10-Q
TRMB,Trimble Inc.,Information Technology,0000864749,ratio_available,True,True,0.5949407507273115,3353800000.0,5637200000.0,Liabilities/LiabilitiesAndStockholdersEquity-Liabilities,2026-04-03,2026-05-06,0000864749-26-000063,10-Q
MNST,Monster Beverage,Consumer Staples,0000865752,insufficient_total_facts,False,False,,,,,2026-03-31,2026-05-08,0001104659-26-057398,10-Q
FLEX,Flex Ltd.,Information Technology,0000866374,ratio_available,True,True,3.288491446345257,16916000000.0,5144000000.0,Liabilities/StockholdersEquityIncludingPortionAttributableToNoncontrollingInterest,2026-03-31,2026-05-20,0000866374-26-000012,10-K
AZO,AutoZone,Consumer Discretionary,0000866787,insufficient_total_facts,False,False,,,,,2026-05-09,2026-06-12,0001104659-26-073525,10-Q
REGN,Regeneron Pharmaceuticals,Health Care,0000872589,ratio_available,True,True,0.300576636667982,9445200000.0,31423600000.0,Liabilities/LiabilitiesAndStockholdersEquity-Liabilities,2026-03-31,2026-04-29,0000872589-26-000016,10-Q
IDXX,Idexx Laboratories,Health Care,0000874716,ratio_available,True,True,1.1756252638803473,1829394000.0,1556103000.0,Liabilities/LiabilitiesAndStockholdersEquity-Liabilities,2026-03-31,2026-05-05,0000874716-26-000076,10-Q
BIIB,Biogen,Health Care,0000875045,ratio_available,True,True,0.5807191837741332,10831400000.0,18651700000.0,Liabilities/StockholdersEquityIncludingPortionAttributableToNoncontrollingInterest,2026-03-31,2026-04-29,0000875045-26-000045,10-Q
VRTX,Vertex Pharmaceuticals,Health Care,0000875320,ratio_available,True,True,0.3678616251504243,7122500000.0,19361900000.0,Liabilities/LiabilitiesAndStockholdersEquity-Liabilities,2026-03-31,2026-05-05,0000875320-26-000173,10-Q
ZBRA,Zebra Technologies,Information Technology,0000877212,ratio_available,True,True,1.4011527377521613,4862000000.0,3470000000.0,Liabilities/LiabilitiesAndStockholdersEquity-Liabilities,2026-04-04,2026-05-12,0001628280-26-034109,10-Q
ODFL,Old Dominion,Industrials,0000878927,ratio_available,True,True,0.28575123610082637,1257226000.0,4399722000.0,Liabilities/LiabilitiesAndStockholdersEquity-Liabilities,2026-03-31,2026-05-06,0000878927-26-000011,10-Q
INCY,Incyte,Health Care,0000879169,ratio_available,True,True,0.305230784333986,1716266000.0,5622847000.0,Liabilities/LiabilitiesAndStockholdersEquity-Liabilities,2026-03-31,2026-04-28,0000879169-26-000026,10-Q
GILD,Gilead Sciences,Health Care,0000882095,ratio_available,True,True,1.4018607827237421,32847000000.0,23431000000.0,LiabilitiesAndStockholdersEquity-TotalEquity/StockholdersEquityIncludingPortionAttributableToNoncontrollingInterest,2026-03-31,2026-05-07,0000882095-26-000024,10-Q
DHI,D. R. Horton,Consumer Discretionary,0000882184,ratio_available,True,True,0.4959662385020384,12104800000.0,24406500000.0,Liabilities/StockholdersEquityIncludingPortionAttributableToNoncontrollingInterest,2026-06-30,2026-07-23,0000882184-26-000096,10-Q
ROP,Roper Technologies,Information Technology,0000882835,ratio_available,True,True,0.8360505898607716,15732800000.0,18818000000.0,Liabilities/LiabilitiesAndStockholdersEquity-Liabilities,2026-03-31,2026-05-01,0000882835-26-000019,10-Q
SNPS,Synopsys,Information Technology,0000883241,ratio_available,True,True,0.5385020506403749,16411962000.0,30477065000.0,Liabilities/StockholdersEquityIncludingPortionAttributableToNoncontrollingInterest,2026-04-30,2026-05-27,0000883241-26-000018,10-Q
RCL,Royal Caribbean Group,Consumer Discretionary,0000884887,ratio_available,True,True,3.1872756282409256,31962000000.0,10028000000.0,Liabilities/StockholdersEquityIncludingPortionAttributableToNoncontrollingInterest,2026-03-31,2026-04-30,0000884887-26-000026,10-Q
BSX,Boston Scientific,Health Care,0000885725,ratio_available,True,True,0.6990116457247931,18247000000.0,26104000000.0,LiabilitiesAndStockholdersEquity-TotalEquity/StockholdersEquityIncludingPortionAttributableToNoncontrollingInterest,2026-03-31,2026-05-01,0000885725-26-000033,10-Q
EXE,Expand Energy,Energy,0000895126,ratio_available,True,True,0.5103345953136191,9975000000.0,19546000000.0,Liabilities/LiabilitiesAndStockholdersEquity-Liabilities,2026-03-31,2026-04-28,0000895126-26-000028,10-Q
INTU,Intuit,Information Technology,0000896878,ratio_available,True,True,0.9065393378253914,18701000000.0,20629000000.0,Liabilities/LiabilitiesAndStockholdersEquity-Liabilities,2026-04-30,2026-05-20,0000896878-26-000025,10-Q
ORLY,O’Reilly Automotive,Consumer Discretionary,0000898173,insufficient_total_facts,False,False,,,,,2026-03-31,2026-05-08,0000898173-26-000027,10-Q
JBL,Jabil,Information Technology,0000898293,ratio_available,True,True,16.949510173323286,22492000000.0,1327000000.0,Liabilities/StockholdersEquityIncludingPortionAttributableToNoncontrollingInterest,2026-05-31,2026-06-30,0001628280-26-046138,10-Q
CPRT,Copart,Industrials,0000900075,ratio_available,True,True,0.09773936594567932,857591000.0,8774264000.0,Liabilities/StockholdersEquityIncludingPortionAttributableToNoncontrollingInterest,2026-04-30,2026-05-29,0001193125-26-245578,10-Q
NVR,"NVR, Inc.",Consumer Discretionary,0000906163,ratio_available,True,True,0.598661604323255,2091744000.0,3494034000.0,Liabilities/LiabilitiesAndStockholdersEquity-Liabilities,2026-03-31,2026-05-06,0000906163-26-000040,10-Q
COST,Costco,Consumer Staples,0000909832,ratio_available,True,True,1.57930705183682,52921000000.0,33509000000.0,Liabilities/LiabilitiesAndStockholdersEquity-Liabilities,2026-05-10,2026-06-03,0000909832-26-000051,10-Q
DECK,Deckers Brands,Consumer Discretionary,0000910521,insufficient_total_facts,False,False,,,,,2026-03-31,2026-05-22,0001628280-26-037664,10-K
ALB,Albemarle Corporation,Materials,0000915913,ratio_available,True,True,0.4977645685902299,5031462000.0,10108116000.0,LiabilitiesAndStockholdersEquity-TotalEquity/StockholdersEquityIncludingPortionAttributableToNoncontrollingInterest,2026-03-31,2026-05-06,0000915913-26-000072,10-Q
MLM,Martin Marietta Materials,Materials,0000916076,ratio_available,True,True,0.8143754979198017,9200000000.0,11297000000.0,Liabilities/StockholdersEquityIncludingPortionAttributableToNoncontrollingInterest,2026-03-31,2026-04-30,0001193125-26-196029,10-Q
TSCO,Tractor Supply,Consumer Discretionary,0000916365,ratio_available,True,True,3.6393243716854786,9148348000.0,2513749000.0,Liabilities/LiabilitiesAndStockholdersEquity-Liabilities,2026-03-28,2026-05-07,0000916365-26-000024,10-Q
LH,Labcorp,Health Care,0000920148,ratio_available,True,True,1.182505288434052,10341600000.0,8745500000.0,Liabilities/LiabilitiesAndStockholdersEquity-Liabilities,2026-03-31,2026-05-04,0000920148-26-000139,10-Q
LEN,Lennar,Consumer Discretionary,0000920760,ratio_available,True,True,0.5483726570848131,11935729000.0,21765726000.0,Liabilities/StockholdersEquityIncludingPortionAttributableToNoncontrollingInterest,2026-05-31,2026-06-29,0001628280-26-046019,10-Q
DVA,DaVita,Health Care,0000927066,accounting_identity_mismatch,False,False,,,,,2026-03-31,2026-05-05,0000927066-26-000062,10-Q
MCK,McKesson Corporation,Health Care,0000927653,nonpositive_equity_auto_fail,True,True,,84100000000.0,-1777000000.0,LiabilitiesAndStockholdersEquity-TotalEquity/StockholdersEquityIncludingPortionAttributableToNoncontrollingInterest,2026-03-31,2026-05-08,0000927653-26-000069,10-K
DLTR,Dollar Tree,Consumer Staples,0000935703,ratio_available,True,True,2.9417735956658113,10316800000.0,3507000000.0,Liabilities/LiabilitiesAndStockholdersEquity-Liabilities,2026-05-02,2026-05-28,0000935703-26-000065,10-Q
CIEN,Ciena,Information Technology,0000936395,ratio_available,True,True,1.0881670686063498,3147224000.0,2892225000.0,Liabilities/LiabilitiesAndStockholdersEquity-Liabilities,2026-05-02,2026-06-04,0001628280-26-040767,10-Q
LMT,Lockheed Martin,Industrials,0000936468,ratio_available,True,True,6.122490875912408,53682000000.0,8768000000.0,Liabilities/LiabilitiesAndStockholdersEquity-Liabilities,2026-06-28,2026-07-23,0001628280-26-049411,10-Q
DRI,Darden Restaurants,Consumer Discretionary,0000940944,ratio_available,True,True,4.826681766704417,10654900000.0,2207500000.0,Liabilities/LiabilitiesAndStockholdersEquity-Liabilities,2026-05-31,2026-07-24,0000940944-26-000025,10-K
WAB,Wabtec,Industrials,0000943452,ratio_available,True,True,1.056919245819993,11884000000.0,11244000000.0,Liabilities/StockholdersEquityIncludingPortionAttributableToNoncontrollingInterest,2026-06-30,2026-07-22,0001628280-26-049139,10-Q
RMD,ResMed,Health Care,0000943819,ratio_available,True,True,0.35311235782499173,2292374000.0,6491911000.0,Liabilities/LiabilitiesAndStockholdersEquity-Liabilities,2026-03-31,2026-05-01,0000943819-26-000025,10-Q
TTWO,Take-Two Interactive,Communication Services,0000946581,ratio_available,True,True,1.6725910735139138,5872300000.0,3510900000.0,Liabilities/StockholdersEquityIncludingPortionAttributableToNoncontrollingInterest,2026-03-31,2026-05-22,0001628280-26-037434,10-K
HSIC,Henry Schein,Health Care,0001000228,accounting_identity_mismatch,False,False,,,,,2026-03-28,2026-05-05,0001000228-26-000024,10-Q
WAT,Waters Corporation,Health Care,0001000697,ratio_available,True,True,0.6041721161391578,9239000000.0,15292000000.0,Liabilities/LiabilitiesAndStockholdersEquity-Liabilities,2026-04-04,2026-05-12,0001193125-26-219487,10-Q
EL,Estée Lauder Companies (The),Consumer Staples,0001001250,insufficient_total_facts,False,False,,,,,2026-03-31,2026-05-01,0001001250-26-000019,10-Q
NTAP,NetApp,Information Technology,0001002047,ratio_available,True,True,6.9526276831976315,9393000000.0,1351000000.0,Liabilities/LiabilitiesAndStockholdersEquity-Liabilities,2026-04-24,2026-06-05,0001193125-26-259683,10-K
VRSN,Verisign,Information Technology,0001014473,nonpositive_equity_auto_fail,True,True,,4056900000.0,-2254100000.0,Liabilities/LiabilitiesAndStockholdersEquity-Liabilities,2026-06-30,2026-07-23,0001014473-26-000028,10-Q
AMZN,Amazon,Consumer Discretionary,0001018724,insufficient_total_facts,False,False,,,,,2026-03-31,2026-04-30,0001018724-26-000014,10-Q
DGX,Quest Diagnostics,Health Care,0001022079,ratio_available,True,True,1.1663895638828494,9120000000.0,7819000000.0,LiabilitiesAndStockholdersEquity-TotalEquity/StockholdersEquityIncludingPortionAttributableToNoncontrollingInterest,2026-06-30,2026-07-23,0001022079-26-000070,10-Q
STLD,Steel Dynamics,Materials,0001022671,accounting_identity_mismatch,False,False,,,,,2026-06-30,2026-07-28,0001104659-26-087414,10-Q
ROK,Rockwell Automation,Industrials,0001024478,ratio_available,True,True,2.1476510067114094,7680000000.0,3576000000.0,LiabilitiesAndStockholdersEquity-TotalEquity/StockholdersEquityIncludingPortionAttributableToNoncontrollingInterest,2026-03-31,2026-05-05,0001024478-26-000022,10-Q
VLO,Valero Energy,Energy,0001035002,ratio_available,True,True,1.3071953664513254,35208000000.0,26934000000.0,LiabilitiesAndStockholdersEquity-TotalEquity/StockholdersEquityIncludingPortionAttributableToNoncontrollingInterest,2026-03-31,2026-04-30,0001628280-26-028690,10-Q
ISRG,Intuitive Surgical,Health Care,0001035267,ratio_available,True,True,0.1409412111904775,2578900000.0,18297700000.0,Liabilities/StockholdersEquityIncludingPortionAttributableToNoncontrollingInterest,2026-06-30,2026-07-21,0001035267-26-000058,10-Q
FIX,Comfort Systems USA,Industrials,0001035983,ratio_available,True,True,1.6382021521980288,5270537000.0,3217269000.0,Liabilities/LiabilitiesAndStockholdersEquity-Liabilities,2026-06-30,2026-07-23,0001104659-26-086258,10-Q
RL,Ralph Lauren Corporation,Consumer Discretionary,0001037038,ratio_available,True,True,1.7238333216020272,4898100000.0,2841400000.0,Liabilities/LiabilitiesAndStockholdersEquity-Liabilities,2026-03-28,2026-05-21,0001628280-26-037074,10-K
MTD,Mettler Toledo,Health Care,0001037646,nonpositive_equity_auto_fail,True,True,,3710798000.0,-41883000.0,Liabilities/LiabilitiesAndStockholdersEquity-Liabilities,2026-03-31,2026-05-08,0001037646-26-000021,10-Q
AME,Ametek,Industrials,0001037868,ratio_available,True,True,0.4936433178802628,5390238000.0,10919297000.0,Liabilities/LiabilitiesAndStockholdersEquity-Liabilities,2026-03-31,2026-04-30,0001037868-26-000144,10-Q
OKE,Oneok,Energy,0001039684,ratio_available,True,True,2.038401568138281,45756000000.0,22447000000.0,LiabilitiesAndStockholdersEquity-TotalEquity/StockholdersEquityIncludingPortionAttributableToNoncontrollingInterest,2026-03-31,2026-04-29,0001039684-26-000017,10-Q
YUM,Yum! Brands,Consumer Discretionary,0001041061,nonpositive_equity_auto_fail,True,True,,15494000000.0,-7283000000.0,Liabilities/LiabilitiesAndStockholdersEquity-Liabilities,2026-03-31,2026-05-06,0001041061-26-000119,10-Q
CHRW,C.H. Robinson,Industrials,0001043277,ratio_available,True,True,2.0722108347940082,3531298000.0,1704121000.0,Liabilities/LiabilitiesAndStockholdersEquity-Liabilities,2026-03-31,2026-05-01,0001043277-26-000016,10-Q
NVDA,Nvidia,Information Technology,0001045810,ratio_available,True,True,0.3274092718213164,64000000000.0,195474000000.0,Liabilities/LiabilitiesAndStockholdersEquity-Liabilities,2026-04-26,2026-05-20,0001045810-26-000052,10-Q
MAR,Marriott International,Consumer Discretionary,0001048286,insufficient_total_facts,False,False,,,,,2026-03-31,2026-05-06,0001048286-26-000014,10-Q
FFIV,"F5, Inc.",Information Technology,0001048695,ratio_available,True,True,0.7803366145373092,2847897000.0,3649575000.0,LiabilitiesAndStockholdersEquity-TotalEquity/StockholdersEquityIncludingPortionAttributableToNoncontrollingInterest,2026-03-31,2026-05-05,0001048695-26-000051,10-Q
FDX,FedEx,Industrials,0001048911,insufficient_total_facts,False,False,,,,,2026-05-31,2026-07-20,0001048911-26-000105,10-K
PWR,Quanta Services,Industrials,0001050915,ratio_available,True,True,1.816017907632761,16603701000.0,9142917000.0,Liabilities/StockholdersEquityIncludingPortionAttributableToNoncontrollingInterest,2026-03-31,2026-04-30,0001050915-26-000016,10-Q
CMG,Chipotle Mexican Grill,Consumer Discretionary,0001058090,ratio_available,True,True,2.656376070293047,6395584000.0,2407635000.0,Liabilities/LiabilitiesAndStockholdersEquity-Liabilities,2026-03-31,2026-04-30,0001058090-26-000028,10-Q
CTSH,Cognizant,Information Technology,0001058290,ratio_available,True,True,0.3604990708786833,5432000000.0,15068000000.0,Liabilities/LiabilitiesAndStockholdersEquity-Liabilities,2026-03-31,2026-04-29,0001058290-26-000016,10-Q
RSG,Republic Services,Industrials,0001060391,ratio_available,True,True,1.8879058509306401,22619000000.0,11981000000.0,LiabilitiesAndStockholdersEquity-TotalEquity/StockholdersEquityIncludingPortionAttributableToNoncontrollingInterest,2026-03-31,2026-05-08,0001060391-26-000212,10-Q
EBAY,eBay Inc.,Consumer Discretionary,0001065088,ratio_available,True,True,3.0555303717135085,13481000000.0,4412000000.0,Liabilities/LiabilitiesAndStockholdersEquity-Liabilities,2026-03-31,2026-04-29,0001065088-26-000093,10-Q
NFLX,Netflix,Communication Services,0001065280,ratio_available,True,True,0.9385228242509001,28298389000.0,30152052000.0,Liabilities/LiabilitiesAndStockholdersEquity-Liabilities,2026-06-30,2026-07-17,0001065280-26-000212,10-Q
URI,United Rentals,Industrials,0001067701,ratio_available,True,True,2.3327386262265835,20920000000.0,8968000000.0,Liabilities/LiabilitiesAndStockholdersEquity-Liabilities,2026-03-31,2026-04-22,0001067701-26-000016,10-Q
AXON,Axon Enterprise,Industrials,0001069183,ratio_available,True,True,0.9996103689949926,3532736000.0,3534113000.0,Liabilities/LiabilitiesAndStockholdersEquity-Liabilities,2026-03-31,2026-05-07,0001628280-26-031542,10-Q
LII,Lennox International,Industrials,0001069202,ratio_available,True,True,2.5362879973638686,3078800000.0,1213900000.0,Liabilities/StockholdersEquityIncludingPortionAttributableToNoncontrollingInterest,2026-03-31,2026-04-29,0001069202-26-000054,10-Q
CNC,Centene Corporation,Health Care,0001071739,ratio_available,True,True,2.6665635769196783,60355000000.0,22634000000.0,Liabilities/StockholdersEquityIncludingPortionAttributableToNoncontrollingInterest,2026-06-30,2026-07-28,0001071739-26-000153,10-Q
BKNG,Booking Holdings,Consumer Discretionary,0001075531,nonpositive_equity_auto_fail,True,True,,36444000000.0,-8724000000.0,Liabilities/LiabilitiesAndStockholdersEquity-Liabilities,2026-03-31,2026-04-28,0001075531-26-000025,10-Q
AKAM,Akamai Technologies,Information Technology,0001086222,ratio_available,True,True,1.3724113204280046,6736927000.0,4908825000.0,Liabilities/LiabilitiesAndStockholdersEquity-Liabilities,2026-03-31,2026-05-08,0001086222-26-000058,10-Q
DVN,Devon Energy,Energy,0001090012,ratio_available,True,True,1.1093466424682397,17115000000.0,15428000000.0,LiabilitiesAndStockholdersEquity-TotalEquity/StockholdersEquityIncludingPortionAttributableToNoncontrollingInterest,2026-03-31,2026-05-06,0001193125-26-208143,10-Q
UPS,United Parcel Service,Industrials,0001090727,ratio_available,True,True,3.5474637451713003,56018000000.0,15791000000.0,LiabilitiesAndStockholdersEquity-TotalEquity/StockholdersEquityIncludingPortionAttributableToNoncontrollingInterest,2026-03-31,2026-05-06,0001628280-26-031154,10-Q
A,Agilent Technologies,Health Care,0001090872,accounting_identity_mismatch,False,False,,,,,2026-04-30,2026-06-01,0001090872-26-000055,10-Q
CHTR,Charter Communications,Communication Services,0001091667,ratio_available,True,True,6.105520295876901,133717000000.0,21901000000.0,LiabilitiesAndStockholdersEquity-TotalEquity/StockholdersEquityIncludingPortionAttributableToNoncontrollingInterest,2026-06-30,2026-07-24,0001091667-26-000052,10-Q
DXCM,Dexcom,Health Care,0001093557,ratio_available,True,True,1.243329162298353,3676400000.0,2956900000.0,Liabilities/LiabilitiesAndStockholdersEquity-Liabilities,2026-03-31,2026-04-30,0001093557-26-000073,10-Q
TDY,Teledyne Technologies,Information Technology,0001094285,ratio_available,True,True,0.3994962678023538,4361900000.0,10918500000.0,Liabilities/LiabilitiesAndStockholdersEquity-Liabilities,2026-06-28,2026-07-24,0001094285-26-000043,10-Q
ALGN,Align Technology,Health Care,0001097149,ratio_available,True,True,0.5217005079506312,2164754000.0,4149419000.0,Liabilities/LiabilitiesAndStockholdersEquity-Liabilities,2026-03-31,2026-05-06,0001097149-26-000040,10-Q
ON,ON Semiconductor,Information Technology,0001097864,ratio_available,True,True,0.6406403671729866,4690000000.0,7320800000.0,Liabilities/StockholdersEquityIncludingPortionAttributableToNoncontrollingInterest,2026-04-03,2026-05-04,0001097864-26-000014,10-Q
EW,Edwards Lifesciences,Health Care,0001099800,ratio_available,True,True,0.28987654320987655,2993700000.0,10327500000.0,Liabilities/LiabilitiesAndStockholdersEquity-Liabilities,2026-03-31,2026-05-06,0001099800-26-000026,10-Q
CRL,Charles River Laboratories,Health Care,0001100682,accounting_identity_mismatch,False,False,,,,,2026-03-28,2026-05-07,0001100682-26-000038,10-Q
MDLZ,Mondelez International,Consumer Staples,0001103982,ratio_available,True,True,1.75623934273756,45318000000.0,25804000000.0,Liabilities/StockholdersEquityIncludingPortionAttributableToNoncontrollingInterest,2026-03-31,2026-04-28,0001628280-26-027937,10-Q
CRM,Salesforce,Information Technology,0001108524,ratio_available,True,True,2.1161092449247847,72445000000.0,34235000000.0,Liabilities/LiabilitiesAndStockholdersEquity-Liabilities,2026-04-30,2026-05-28,0001108524-26-000127,10-Q
TPR,"Tapestry, Inc.",Consumer Discretionary,0001116132,ratio_available,True,True,8.476406799531066,5784300000.0,682400000.0,Liabilities/LiabilitiesAndStockholdersEquity-Liabilities,2026-03-28,2026-05-07,0001116132-26-000011,10-Q
GRMN,Garmin,Consumer Discretionary,0001121788,insufficient_total_facts,False,False,,,,,2026-03-28,2026-04-29,0001193125-26-188908,10-Q
NOC,Northrop Grumman,Industrials,0001133421,ratio_available,True,True,1.8384589577275776,32879000000.0,17884000000.0,Liabilities/LiabilitiesAndStockholdersEquity-Liabilities,2026-06-30,2026-07-21,0001133421-26-000034,10-Q
ZBH,Zimmer Biomet,Health Care,0001136869,ratio_available,True,True,0.7916982084279586,10040000000.0,12681600000.0,Liabilities/StockholdersEquityIncludingPortionAttributableToNoncontrollingInterest,2026-03-31,2026-05-01,0001193125-26-201710,10-Q
STX,Seagate Technology,Information Technology,0001137789,ratio_available,True,True,7.120547945205479,7797000000.0,1095000000.0,Liabilities/LiabilitiesAndStockholdersEquity-Liabilities,2026-04-03,2026-04-29,0001137789-26-000088,10-Q
COR,Cencora,Health Care,0001140859,ratio_available,True,True,21.776356713482755,78067150000.0,3584950000.0,LiabilitiesAndStockholdersEquity-TotalEquity/StockholdersEquityIncludingPortionAttributableToNoncontrollingInterest,2026-03-31,2026-05-06,0001140859-26-000020,10-Q
PODD,Insulet Corporation,Health Care,0001145197,ratio_available,True,True,1.2932596345769998,1684600000.0,1302600000.0,Liabilities/LiabilitiesAndStockholdersEquity-Liabilities,2026-03-31,2026-05-06,0001145197-26-000102,10-Q
ELV,Elevance Health,Health Care,0001156039,ratio_available,True,True,1.8083603571587223,81416000000.0,45022000000.0,Liabilities/StockholdersEquityIncludingPortionAttributableToNoncontrollingInterest,2026-06-30,2026-07-15,0001156039-26-000060,10-Q
COP,ConocoPhillips,Energy,0001163165,ratio_available,True,True,0.9015044700268047,58184000000.0,64541000000.0,Liabilities/LiabilitiesAndStockholdersEquity-Liabilities,2026-03-31,2026-04-30,0001163165-26-000018,10-Q
NEM,Newmont,Materials,0001164727,ratio_available,True,True,0.6276331394363811,22227000000.0,35414000000.0,Liabilities/StockholdersEquityIncludingPortionAttributableToNoncontrollingInterest,2026-06-30,2026-07-23,0001164727-26-000036,10-Q
CMCSA,Comcast,Communication Services,0001166691,ratio_available,True,True,1.8689762726968921,167778000000.0,89770000000.0,LiabilitiesAndStockholdersEquity-TotalEquity/StockholdersEquityIncludingPortionAttributableToNoncontrollingInterest,2026-06-30,2026-07-23,0001628280-26-049360,10-Q
WYNN,Wynn Resorts,Consumer Discretionary,0001174922,nonpositive_equity_auto_fail,True,True,,13847638000.0,-942340000.0,Liabilities/StockholdersEquityIncludingPortionAttributableToNoncontrollingInterest,2026-03-31,2026-05-07,0001174922-26-000035,10-Q
TDG,TransDigm Group,Industrials,0001260221,nonpositive_equity_auto_fail,True,True,,34836000000.0,-9394000000.0,Liabilities/StockholdersEquityIncludingPortionAttributableToNoncontrollingInterest,2026-03-28,2026-05-05,0001260221-26-000040,10-Q
FTNT,Fortinet,Information Technology,0001262039,ratio_available,True,True,8.98635950287966,8893800000.0,989700000.0,Liabilities/StockholdersEquityIncludingPortionAttributableToNoncontrollingInterest,2026-03-31,2026-05-08,0001262039-26-000013,10-Q
FSLR,First Solar,Information Technology,0001274494,ratio_available,True,True,0.3515214958281403,3472529000.0,9878568000.0,Liabilities/LiabilitiesAndStockholdersEquity-Liabilities,2026-03-31,2026-04-30,0001274494-26-000109,10-Q
MPWR,Monolithic Power Systems,Information Technology,0001280452,ratio_available,True,True,0.2097824283938968,771456000.0,3677410000.0,Liabilities/LiabilitiesAndStockholdersEquity-Liabilities,2026-03-31,2026-05-04,0001437749-26-014647,10-Q
TMUS,T-Mobile US,Communication Services,0001283699,insufficient_total_facts,False,False,,,,,2026-06-30,2026-07-23,0001283699-26-000101,10-Q
MOS,Mosaic Company (The),Materials,0001285785,ratio_available,True,True,1.0546003445449832,12610700000.0,11957800000.0,LiabilitiesAndStockholdersEquity-TotalEquity/StockholdersEquityIncludingPortionAttributableToNoncontrollingInterest,2026-03-31,2026-05-11,0001285785-26-000067,10-Q
DPZ,Domino's,Consumer Discretionary,0001286681,insufficient_total_facts,False,False,,,,,2026-06-14,2026-07-20,0001286681-26-000035,10-Q
LVS,Las Vegas Sands,Consumer Discretionary,0001300514,ratio_available,True,True,21.195094760312152,19012000000.0,897000000.0,Liabilities/StockholdersEquityIncludingPortionAttributableToNoncontrollingInterest,2026-06-30,2026-07-24,0001300514-26-000085,10-Q
BLDR,Builders FirstSource,Industrials,0001316835,ratio_available,True,True,1.8227954507994066,7298874000.0,4004220000.0,Liabilities/LiabilitiesAndStockholdersEquity-Liabilities,2026-03-31,2026-04-30,0001193125-26-195140,10-Q
TSLA,"Tesla, Inc.",Consumer Discretionary,0001318605,ratio_available,True,True,0.6974789915966386,61005000000.0,87465000000.0,Liabilities/StockholdersEquityIncludingPortionAttributableToNoncontrollingInterest,2026-06-30,2026-07-23,0001628280-26-049270,10-Q
PLTR,Palantir Technologies,Information Technology,0001321655,ratio_available,True,True,0.19201122543778074,1642902000.0,8556281000.0,Liabilities/StockholdersEquityIncludingPortionAttributableToNoncontrollingInterest,2026-03-31,2026-05-05,0001321655-26-000028,10-Q
CF,CF Industries,Materials,0001324404,ratio_available,True,True,0.7693798449612403,6352000000.0,8256000000.0,LiabilitiesAndStockholdersEquity-TotalEquity/StockholdersEquityIncludingPortionAttributableToNoncontrollingInterest,2026-03-31,2026-05-07,0001324404-26-000013,10-Q
EXPE,Expedia Group,Consumer Discretionary,0001324424,ratio_available,True,True,13.411220043572985,24623000000.0,1836000000.0,LiabilitiesAndStockholdersEquity-TotalEquity/StockholdersEquityIncludingPortionAttributableToNoncontrollingInterest,2026-03-31,2026-05-08,0001324424-26-000035,10-Q
META,Meta Platforms,Communication Services,0001326801,ratio_available,True,True,0.6219976116316003,151569000000.0,243681000000.0,Liabilities/LiabilitiesAndStockholdersEquity-Liabilities,2026-03-31,2026-04-30,0001628280-26-028526,10-Q
PANW,Palo Alto Networks,Information Technology,0001327567,ratio_available,True,True,0.672184473037444,18598000000.0,27668000000.0,Liabilities/LiabilitiesAndStockholdersEquity-Liabilities,2026-04-30,2026-06-03,0001327567-26-000015,10-Q
WDAY,"Workday, Inc.",Information Technology,0001327811,ratio_available,True,True,1.4077510100254378,9408000000.0,6683000000.0,Liabilities/LiabilitiesAndStockholdersEquity-Liabilities,2026-04-30,2026-05-22,0001327811-26-000026,10-Q
LYV,Live Nation Entertainment,Communication Services,0001335258,ratio_available,True,True,53.10360758626701,25586274000.0,481818000.0,LiabilitiesAndStockholdersEquity-TotalEquity/StockholdersEquityIncludingPortionAttributableToNoncontrollingInterest,2026-03-31,2026-05-05,0001335258-26-000019,10-Q
LDOS,Leidos,Industrials,0001336920,ratio_available,True,True,2.0385071090047395,10323000000.0,5064000000.0,Liabilities/StockholdersEquityIncludingPortionAttributableToNoncontrollingInterest,2026-04-03,2026-05-05,0001336920-26-000169,10-Q
ORCL,Oracle Corporation,Information Technology,0001341439,ratio_available,True,True,5.079501114827202,218703000000.0,43056000000.0,LiabilitiesAndStockholdersEquity-TotalEquity/StockholdersEquityIncludingPortionAttributableToNoncontrollingInterest,2026-05-31,2026-06-22,0001193125-26-277521,10-K
NOW,ServiceNow,Information Technology,0001373715,ratio_available,True,True,1.5300415468200703,19150000000.0,12516000000.0,Liabilities/LiabilitiesAndStockholdersEquity-Liabilities,2026-06-30,2026-07-23,0001373715-26-000076,10-Q
SMCI,Supermicro,Information Technology,0001375365,ratio_available,True,True,2.095735897040904,15876438000.0,7575591000.0,Liabilities/StockholdersEquityIncludingPortionAttributableToNoncontrollingInterest,2026-03-31,2026-05-11,0001375365-26-000014,10-Q
BR,Broadridge Financial Solutions,Industrials,0001383312,ratio_available,True,True,2.114516815666241,5960400000.0,2818800000.0,Liabilities/LiabilitiesAndStockholdersEquity-Liabilities,2026-03-31,2026-04-30,0001628280-26-028675,10-Q
TEL,TE Connectivity,Information Technology,0001385157,accounting_identity_mismatch,False,False,,,,,2026-06-26,2026-07-24,0001104659-26-086509,10-Q
TRGP,Targa Resources,Energy,0001389170,ratio_available,True,True,7.292230039767513,23838300000.0,3269000000.0,LiabilitiesAndStockholdersEquity-TotalEquity/StockholdersEquityIncludingPortionAttributableToNoncontrollingInterest,2026-03-31,2026-05-07,0001193125-26-211698,10-Q
VEEV,Veeva Systems,Health Care,0001393052,ratio_available,True,True,0.24987890784044695,1825204000.0,7304354000.0,Liabilities/LiabilitiesAndStockholdersEquity-Liabilities,2026-04-30,2026-06-05,0001393052-26-000026,10-Q
VMC,Vulcan Materials Company,Materials,0001396009,ratio_available,True,True,0.9671413570560544,8197200000.0,8475700000.0,Liabilities/StockholdersEquityIncludingPortionAttributableToNoncontrollingInterest,2026-03-31,2026-04-29,0001628280-26-028318,10-Q
LULU,Lululemon Athletica,Consumer Discretionary,0001397187,ratio_available,True,True,0.7679540848901515,3705840000.0,4825601000.0,Liabilities/LiabilitiesAndStockholdersEquity-Liabilities,2026-05-03,2026-06-04,0001397187-26-000078,10-Q
CDW,CDW Corporation,Information Technology,0001402057,insufficient_total_facts,False,False,,,,,2026-03-31,2026-05-06,0001402057-26-000025,10-Q
ULTA,Ulta Beauty,Consumer Discretionary,0001403568,ratio_available,True,True,1.6715866801242176,4314290000.0,2580955000.0,Liabilities/LiabilitiesAndStockholdersEquity-Liabilities,2026-05-02,2026-06-02,0001104659-26-069491,10-Q
PM,Philip Morris International,Consumer Staples,0001413329,nonpositive_equity_auto_fail,True,True,,74928000000.0,-6657000000.0,Liabilities/StockholdersEquityIncludingPortionAttributableToNoncontrollingInterest,2026-06-30,2026-07-24,0001628280-26-049493,10-Q
NXPI,NXP Semiconductors,Information Technology,0001413447,ratio_available,True,True,1.404913961326947,15839000000.0,11274000000.0,Liabilities/StockholdersEquityIncludingPortionAttributableToNoncontrollingInterest,2026-03-29,2026-04-28,0001413447-26-000034,10-Q
ECHO,EchoStar,Communication Services,0001415404,ratio_available,True,True,6.287784925607712,35698289000.0,5677403000.0,Liabilities/StockholdersEquityIncludingPortionAttributableToNoncontrollingInterest,2026-03-31,2026-05-11,0001104659-26-058150,10-Q
KDP,Keurig Dr Pepper,Consumer Staples,0001418135,accounting_identity_mismatch,False,False,,,,,2026-03-31,2026-04-23,0001418135-26-000026,10-Q
WBD,Warner Bros. Discovery,Communication Services,0001437107,ratio_available,True,True,1.9025721660189279,64130000000.0,33707000000.0,Liabilities/StockholdersEquityIncludingPortionAttributableToNoncontrollingInterest,2026-03-31,2026-05-06,0001437107-26-000057,10-Q
VRSK,Verisk Analytics,Industrials,0001442145,nonpositive_equity_auto_fail,True,True,,5765300000.0,-1166900000.0,Liabilities/StockholdersEquityIncludingPortionAttributableToNoncontrollingInterest,2026-03-31,2026-04-29,0001437749-26-013729,10-Q
TT,Trane Technologies,Industrials,0001466258,ratio_available,True,True,1.642066763425254,14142300000.0,8612500000.0,Liabilities/StockholdersEquityIncludingPortionAttributableToNoncontrollingInterest,2026-03-31,2026-04-30,0001628280-26-028743,10-Q
ACN,Accenture,Information Technology,0001467373,ratio_available,True,True,1.0841732765462386,35792722000.0,33013839000.0,LiabilitiesAndStockholdersEquity-TotalEquity/StockholdersEquityIncludingPortionAttributableToNoncontrollingInterest,2026-05-31,2026-06-18,0001467373-26-000032,10-Q
GM,General Motors,Consumer Discretionary,0001467858,ratio_available,True,True,3.442764884272717,219101000000.0,63641000000.0,Liabilities/StockholdersEquityIncludingPortionAttributableToNoncontrollingInterest,2026-06-30,2026-07-21,0001467858-26-000051,10-Q
GNRC,Generac,Industrials,0001474735,ratio_available,True,True,1.0909504549672524,2917963000.0,2674698000.0,Liabilities/StockholdersEquityIncludingPortionAttributableToNoncontrollingInterest,2026-03-31,2026-05-05,0001437749-26-014882,10-Q
IQV,IQVIA,Health Care,0001478242,ratio_available,True,True,3.673964403843125,23326000000.0,6349000000.0,Liabilities/StockholdersEquityIncludingPortionAttributableToNoncontrollingInterest,2026-03-31,2026-05-05,0001628280-26-030675,10-Q
LYB,LyondellBasell,Materials,0001489393,ratio_available,True,True,2.378569296587404,23907000000.0,10051000000.0,LiabilitiesAndStockholdersEquity-TotalEquity/StockholdersEquityIncludingPortionAttributableToNoncontrollingInterest,2026-03-31,2026-05-01,0001489393-26-000028,10-Q
HII,Huntington Ingalls Industries,Industrials,0001501585,ratio_available,True,True,1.4350106858364096,7386000000.0,5147000000.0,Liabilities/StockholdersEquityIncludingPortionAttributableToNoncontrollingInterest,2026-03-31,2026-05-05,0001501585-26-000029,10-Q
KMI,Kinder Morgan,Energy,0001506307,ratio_available,True,True,1.2525624258645336,41183000000.0,32879000000.0,Liabilities/StockholdersEquityIncludingPortionAttributableToNoncontrollingInterest,2026-06-30,2026-07-24,0001506307-26-000085,10-Q
MPC,Marathon Petroleum,Energy,0001510295,ratio_available,True,True,2.764331753959107,64760000000.0,23427000000.0,Liabilities/StockholdersEquityIncludingPortionAttributableToNoncontrollingInterest,2026-03-31,2026-05-05,0001510295-26-000042,10-Q
NCLH,Norwegian Cruise Line Holdings,Consumer Discretionary,0001513761,ratio_available,True,True,8.786297125249748,21363407000.0,2431446000.0,Liabilities/LiabilitiesAndStockholdersEquity-Liabilities,2026-03-31,2026-05-04,0001104659-26-054833,10-Q
APTV,Aptiv,Consumer Discretionary,0001521332,ratio_available,True,True,1.6641197070996498,15681000000.0,9423000000.0,Liabilities/StockholdersEquityIncludingPortionAttributableToNoncontrollingInterest,2026-03-31,2026-05-05,0001521332-26-000048,10-Q
XYL,Xylem Inc.,Industrials,0001524472,accounting_identity_mismatch,False,False,,,,,2026-06-30,2026-07-28,0001524472-26-000110,10-Q
PSX,Phillips 66,Energy,0001534701,ratio_available,True,True,1.83292341902227,54403000000.0,29681000000.0,Liabilities/StockholdersEquityIncludingPortionAttributableToNoncontrollingInterest,2026-03-31,2026-04-29,0001534701-26-000022,10-Q
CRWD,CrowdStrike,Information Technology,0001535527,ratio_available,True,True,1.4105453901455554,6594768000.0,4675332000.0,Liabilities/StockholdersEquityIncludingPortionAttributableToNoncontrollingInterest,2026-04-30,2026-06-04,0001535527-26-000025,10-Q
FANG,Diamondback Energy,Energy,0001539838,ratio_available,True,True,0.6435272045028143,27440000000.0,42640000000.0,Liabilities/StockholdersEquityIncludingPortionAttributableToNoncontrollingInterest,2026-03-31,2026-05-06,0001539838-26-000077,10-Q
UBER,Uber,Industrials,0001543151,ratio_available,True,True,1.3288483288483288,34073000000.0,25641000000.0,Liabilities/StockholdersEquityIncludingPortionAttributableToNoncontrollingInterest,2026-03-31,2026-05-06,0001543151-26-000022,10-Q
ABBV,AbbVie,Health Care,0001551152,nonpositive_equity_auto_fail,True,True,,143075000000.0,-6612000000.0,LiabilitiesAndStockholdersEquity-TotalEquity/StockholdersEquityIncludingPortionAttributableToNoncontrollingInterest,2026-03-31,2026-05-08,0001551152-26-000017,10-Q
ETN,Eaton Corporation,Industrials,0001551182,ratio_available,True,True,1.786997217303314,35320000000.0,19765000000.0,LiabilitiesAndStockholdersEquity-TotalEquity/StockholdersEquityIncludingPortionAttributableToNoncontrollingInterest,2026-03-31,2026-05-05,0001551182-26-000013,10-Q
ZTS,Zoetis,Health Care,0001555280,ratio_available,True,True,3.687287349211259,11921000000.0,3233000000.0,Liabilities/StockholdersEquityIncludingPortionAttributableToNoncontrollingInterest,2026-03-31,2026-05-07,0001555280-26-000024,10-Q
ABNB,Airbnb,Consumer Discretionary,0001559720,ratio_available,True,True,2.513357778941854,19192000000.0,7636000000.0,Liabilities/LiabilitiesAndStockholdersEquity-Liabilities,2026-03-31,2026-05-07,0001559720-26-000014,10-Q
DDOG,Datadog,Information Technology,0001561550,ratio_available,True,True,0.7431356629595844,2963790000.0,3988222000.0,Liabilities/LiabilitiesAndStockholdersEquity-Liabilities,2026-03-31,2026-05-07,0001628280-26-032328,10-Q
"NWS,NWSA","News Corp (Class B),News Corp (Class A)",Communication Services,0001564708,ratio_available,True,True,0.6718026074776425,6235000000.0,9281000000.0,LiabilitiesAndStockholdersEquity-TotalEquity/StockholdersEquityIncludingPortionAttributableToNoncontrollingInterest,2026-03-31,2026-05-08,0001564708-26-000103,10-Q
DELL,Dell Technologies,Information Technology,0001571996,nonpositive_equity_auto_fail,True,True,,116317000000.0,-1404000000.0,Liabilities/StockholdersEquityIncludingPortionAttributableToNoncontrollingInterest,2026-05-01,2026-06-09,0001571996-26-000030,10-Q
ALLE,Allegion,Industrials,0001579241,ratio_available,True,True,1.5303502312848107,3242200000.0,2118600000.0,Liabilities/StockholdersEquityIncludingPortionAttributableToNoncontrollingInterest,2026-06-30,2026-07-23,0001579241-26-000028,10-Q
HLT,Hilton Worldwide,Consumer Discretionary,0001585689,nonpositive_equity_auto_fail,True,True,,23198000000.0,-6275000000.0,Liabilities/StockholdersEquityIncludingPortionAttributableToNoncontrollingInterest,2026-06-30,2026-07-28,0001585689-26-000043,10-Q
ANET,Arista Networks,Information Technology,0001596532,ratio_available,True,True,0.6057195394117342,8169400000.0,13487100000.0,Liabilities/LiabilitiesAndStockholdersEquity-Liabilities,2026-03-31,2026-05-06,0001596532-26-000078,10-Q
KEYS,Keysight Technologies,Information Technology,0001601046,ratio_available,True,True,0.8540514926551888,5407000000.0,6331000000.0,Liabilities/StockholdersEquityIncludingPortionAttributableToNoncontrollingInterest,2026-04-30,2026-06-04,0001601046-26-000024,10-Q
GDDY,GoDaddy,Information Technology,0001609711,insufficient_total_facts,False,False,,,,,2026-03-31,2026-05-01,0001609711-26-000037,10-Q
MDT,Medtronic,Health Care,0001613103,ratio_available,True,True,0.8578846461096021,42956000000.0,50072000000.0,Liabilities/StockholdersEquityIncludingPortionAttributableToNoncontrollingInterest,2026-04-24,2026-06-18,0001628280-26-044354,10-K
LITE,Lumentum,Information Technology,0001633978,ratio_available,True,True,1.3635905024551018,4054500000.0,2973400000.0,Liabilities/LiabilitiesAndStockholdersEquity-Liabilities,2026-03-28,2026-05-06,0001628280-26-030777,10-Q
KHC,Kraft Heinz,Consumer Staples,0001637459,ratio_available,True,True,0.9514939575601865,39997000000.0,42036000000.0,Liabilities/StockholdersEquityIncludingPortionAttributableToNoncontrollingInterest,2026-03-28,2026-05-06,0001637459-26-000022,10-Q
HPE,Hewlett Packard Enterprise,Information Technology,0001645590,ratio_available,True,True,2.1361968997751744,54159000000.0,25353000000.0,LiabilitiesAndStockholdersEquity-TotalEquity/StockholdersEquityIncludingPortionAttributableToNoncontrollingInterest,2026-04-30,2026-06-02,0001645590-26-000055,10-Q
"GOOG,GOOGL","Alphabet Inc. (Class C),Alphabet Inc. (Class A)",Communication Services,0001652044,ratio_available,True,True,0.4395187984011991,281503000000.0,640480000000.0,Liabilities/LiabilitiesAndStockholdersEquity-Liabilities,2026-06-30,2026-07-23,0001652044-26-000071,10-Q
FTV,Fortive,Industrials,0001659166,ratio_available,True,True,0.90171389171619,5492700000.0,6091400000.0,LiabilitiesAndStockholdersEquity-TotalEquity/StockholdersEquityIncludingPortionAttributableToNoncontrollingInterest,2026-04-03,2026-04-30,0001659166-26-000013,10-Q
DD,DuPont,Materials,0001666700,ratio_available,True,True,0.5064615816828206,7211000000.0,14238000000.0,Liabilities/StockholdersEquityIncludingPortionAttributableToNoncontrollingInterest,2026-03-31,2026-05-05,0001666700-26-000031,10-Q
TTD,Trade Desk (The),Communication Services,0001671933,ratio_available,True,True,1.3372393402693148,3280898000.0,2453486000.0,Liabilities/LiabilitiesAndStockholdersEquity-Liabilities,2026-03-31,2026-05-07,0001671933-26-000054,10-Q
VRT,Vertiv,Industrials,0001674101,ratio_available,True,True,2.156752809253457,9155200000.0,4244900000.0,Liabilities/LiabilitiesAndStockholdersEquity-Liabilities,2026-03-31,2026-04-22,0001628280-26-026556,10-Q
MRNA,Moderna,Health Care,0001682852,ratio_available,True,True,0.550755939524838,4080000000.0,7408000000.0,Liabilities/LiabilitiesAndStockholdersEquity-Liabilities,2026-03-31,2026-05-01,0001682852-26-000060,10-Q
CVNA,Carvana,Consumer Discretionary,0001690820,ratio_available,True,True,1.973013816925734,9139000000.0,4632000000.0,Liabilities/StockholdersEquityIncludingPortionAttributableToNoncontrollingInterest,2026-03-31,2026-04-29,0001690820-26-000035,10-Q
IR,Ingersoll Rand,Industrials,0001699150,ratio_available,True,True,0.7791558428875563,7978400000.0,10239800000.0,Liabilities/StockholdersEquityIncludingPortionAttributableToNoncontrollingInterest,2026-03-31,2026-04-29,0001628280-26-028401,10-Q
BKR,Baker Hughes,Energy,0001701605,ratio_available,True,True,1.6199960167297351,32536000000.0,20084000000.0,LiabilitiesAndStockholdersEquity-TotalEquity/StockholdersEquityIncludingPortionAttributableToNoncontrollingInterest,2026-06-30,2026-07-27,0001701605-26-000023,10-Q
LIN,Linde plc,Materials,0001707925,ratio_available,True,True,1.1532972379550388,46223000000.0,40079000000.0,Liabilities/StockholdersEquityIncludingPortionAttributableToNoncontrollingInterest,2026-03-31,2026-05-01,0001628280-26-029165,10-Q
AVGO,Broadcom,Information Technology,0001730168,ratio_available,True,True,1.0430602912499571,91467000000.0,87691000000.0,Liabilities/StockholdersEquityIncludingPortionAttributableToNoncontrollingInterest,2026-05-03,2026-06-09,0001730168-26-000054,10-Q
CI,Cigna,Health Care,0001739940,ratio_available,True,True,2.611187031713868,110824000000.0,42442000000.0,Liabilities/StockholdersEquityIncludingPortionAttributableToNoncontrollingInterest,2026-03-31,2026-04-30,0001739940-26-000043,10-Q
DIS,Walt Disney Company (The),Communication Services,0001744489,ratio_available,True,True,0.7796673373109477,89905000000.0,115312000000.0,LiabilitiesAndStockholdersEquity-TotalEquity/StockholdersEquityIncludingPortionAttributableToNoncontrollingInterest,2026-03-28,2026-05-06,0001744489-26-000037,10-Q
AMCR,Amcor,Materials,0001748790,ratio_available,True,True,2.2226033270451038,25920000000.0,11662000000.0,Liabilities/StockholdersEquityIncludingPortionAttributableToNoncontrollingInterest,2026-03-31,2026-05-07,0001748790-26-000016,10-Q
APP,AppLovin,Information Technology,0001751008,ratio_available,True,True,2.2611637147379526,5344222000.0,2363483000.0,Liabilities/LiabilitiesAndStockholdersEquity-Liabilities,2026-03-31,2026-05-06,0001751008-26-000044,10-Q
DOW,Dow Inc.,Materials,0001751788,ratio_available,True,True,2.5661874366163575,43017000000.0,16763000000.0,LiabilitiesAndStockholdersEquity-TotalEquity/StockholdersEquityIncludingPortionAttributableToNoncontrollingInterest,2026-03-31,2026-04-24,0001751788-26-000134,10-Q
"FOX,FOXA","Fox Corporation (Class B),Fox Corporation (Class A)",Communication Services,0001754301,ratio_available,True,True,0.9666847237269772,10707000000.0,11076000000.0,LiabilitiesAndStockholdersEquity-TotalEquity/StockholdersEquityIncludingPortionAttributableToNoncontrollingInterest,2026-03-31,2026-05-11,0001628280-26-033172,10-Q
CTVA,Corteva,Materials,0001755672,ratio_available,True,True,0.7361105466368624,18112000000.0,24605000000.0,LiabilitiesAndStockholdersEquity-TotalEquity/StockholdersEquityIncludingPortionAttributableToNoncontrollingInterest,2026-03-31,2026-05-06,0001755672-26-000010,10-Q
STE,Steris,Health Care,0001757898,ratio_available,True,True,0.49185794475629413,3540000000.0,7197200000.0,Liabilities/StockholdersEquityIncludingPortionAttributableToNoncontrollingInterest,2026-03-31,2026-05-29,0001628280-26-039136,10-K
OTIS,Otis Worldwide,Industrials,0001781335,accounting_identity_mismatch,False,False,,,,,2026-06-30,2026-07-23,0001781335-26-000113,10-Q
CARR,Carrier Global,Industrials,0001783180,ratio_available,True,True,1.6944424317078473,23385000000.0,13801000000.0,Liabilities/StockholdersEquityIncludingPortionAttributableToNoncontrollingInterest,2026-03-31,2026-04-30,0001783180-26-000026,10-Q
VTRS,Viatris,Health Care,0001792044,ratio_available,True,True,1.5129863484721342,22176900000.0,14657700000.0,Liabilities/StockholdersEquityIncludingPortionAttributableToNoncontrollingInterest,2026-03-31,2026-05-07,0001792044-26-000029,10-Q
DASH,DoorDash,Consumer Discretionary,0001792789,ratio_available,True,True,0.9305582761998041,9501000000.0,10210000000.0,Liabilities/LiabilitiesAndStockholdersEquity-Liabilities,2026-03-31,2026-05-06,0001792789-26-000037,10-Q
TPL,Texas Pacific Land Corporation,Energy,0001811074,ratio_available,True,True,0.1256515328938151,195507000.0,1555946000.0,Liabilities/LiabilitiesAndStockholdersEquity-Liabilities,2026-03-31,2026-05-06,0001811074-26-000035,10-Q
MRVL,Marvell Technology,Information Technology,0001835632,ratio_available,True,True,0.4791829071465431,8728700000.0,18215800000.0,Liabilities/LiabilitiesAndStockholdersEquity-Liabilities,2026-05-02,2026-05-28,0001835632-26-000019,10-Q
APA,APA Corporation,Energy,0001841666,ratio_available,True,True,1.4437685861043525,10681000000.0,7398000000.0,LiabilitiesAndStockholdersEquity-TotalEquity/StockholdersEquityIncludingPortionAttributableToNoncontrollingInterest,2026-03-31,2026-05-07,0001841666-26-000034,10-Q
GEHC,GE HealthCare,Health Care,0001932393,accounting_identity_mismatch,False,False,,,,,2026-03-31,2026-04-29,0001932393-26-000031,10-Q
KVUE,Kenvue,Consumer Staples,0001944048,ratio_available,True,True,1.5314856711915537,16246000000.0,10608000000.0,Liabilities/LiabilitiesAndStockholdersEquity-Liabilities,2026-03-29,2026-05-07,0001944048-26-000098,10-Q
SOLV,Solventum,Health Care,0001964738,ratio_available,True,True,1.8369893338699939,9128000000.0,4969000000.0,Liabilities/LiabilitiesAndStockholdersEquity-Liabilities,2026-03-31,2026-05-05,0001964738-26-000024,10-Q
VLTO,Veralto,Industrials,0001967680,ratio_available,True,True,1.5459081836327346,4647000000.0,3006000000.0,LiabilitiesAndStockholdersEquity-TotalEquity/StockholdersEquityIncludingPortionAttributableToNoncontrollingInterest,2026-04-03,2026-04-29,0001967680-26-000024,10-Q
TKO,TKO Group Holdings,Communication Services,0001973266,ratio_available,True,True,0.882738005168336,7496295000.0,8492095000.0,Liabilities/StockholdersEquityIncludingPortionAttributableToNoncontrollingInterest,2026-03-31,2026-05-06,0001193125-26-208992,10-Q
GEV,GE Vernova,Industrials,0001996810,ratio_available,True,True,5.160884483415936,67685000000.0,13115000000.0,Liabilities/StockholdersEquityIncludingPortionAttributableToNoncontrollingInterest,2026-06-30,2026-07-22,0001996810-26-000148,10-Q
BG,Bunge Global,Consumer Staples,0001996862,ratio_available,True,True,1.7301733042580052,30150000000.0,17426000000.0,LiabilitiesAndStockholdersEquity-TotalEquity/StockholdersEquityIncludingPortionAttributableToNoncontrollingInterest,2026-03-31,2026-04-29,0001628280-26-028235,10-Q
SW,Smurfit Westrock,Materials,0002005951,ratio_available,True,True,1.4979262290549133,27087000000.0,18083000000.0,Liabilities/StockholdersEquityIncludingPortionAttributableToNoncontrollingInterest,2026-03-31,2026-05-01,0001628280-26-029089,10-Q
SNDK,Sandisk,Information Technology,0002023554,ratio_available,True,True,0.23938448138201351,3298000000.0,13777000000.0,Liabilities/LiabilitiesAndStockholdersEquity-Liabilities,2026-04-03,2026-05-01,0001628280-26-029401,10-Q
PSKY,Paramount Skydance Corporation,Communication Services,0002041610,ratio_available,True,True,2.4895285904776845,31739000000.0,12749000000.0,LiabilitiesAndStockholdersEquity-TotalEquity/StockholdersEquityIncludingPortionAttributableToNoncontrollingInterest,2026-03-31,2026-05-04,0002041610-26-000026,10-Q
Q,Qnity Electronics,Information Technology,0002058873,ratio_available,True,True,0.884867980163517,6602000000.0,7461000000.0,Liabilities/StockholdersEquityIncludingPortionAttributableToNoncontrollingInterest,2026-03-31,2026-05-12,0002058873-26-000015,10-Q
FDXF,FedEx Freight,Industrials,0002082247,missing_relevant_filing_facts,False,False,,,,,,,,
HONA,Honeywell Aerospace,Industrials,0002089271,missing_relevant_filing_facts,False,False,,,,,,,,
